user_id,product_id,last_product_order_ts,last_purchase_days_ago,avg_replenishment_days,mock_inventory,overdue_ratio,R_score,F_score,M_score,rfm_segment,risk_id
27,33736,2023-03-17,289,4.5,138,64.22,3,5,5,Need Attention,job_e06ac3b9:27:33736
17,38444,2023-02-24,310,5.0,471,62.0,1,5,5,High-Value At-Risk,job_e06ac3b9:17:38444
21,38444,2023-03-18,288,5.0,471,57.6,3,5,4,Need Attention,job_e06ac3b9:21:38444
21,20272,2023-03-18,288,5.0,403,57.6,3,5,4,Need Attention,job_e06ac3b9:21:20272
21,36425,2023-03-26,280,5.0,315,56.0,3,5,4,Need Attention,job_e06ac3b9:21:36425
21,23504,2023-03-26,280,5.0,455,56.0,3,5,4,Need Attention,job_e06ac3b9:21:23504
21,12013,2023-03-18,288,6.0,310,48.0,3,5,4,Need Attention,job_e06ac3b9:21:12013
21,33065,2023-03-26,280,6.0,349,46.67,3,5,4,Need Attention,job_e06ac3b9:21:33065
17,17762,2023-05-12,233,5.0,439,46.6,1,5,5,High-Value At-Risk,job_e06ac3b9:17:17762
27,35633,2023-02-09,325,8.0,421,40.62,3,5,5,Need Attention,job_e06ac3b9:27:35633
63,42828,2022-12-10,386,10.0,68,38.6,3,5,5,Need Attention,job_e06ac3b9:63:42828
21,33754,2023-01-27,338,9.0,381,37.56,3,5,4,Need Attention,job_e06ac3b9:21:33754
21,43154,2022-12-30,366,10.0,385,36.6,3,5,4,Need Attention,job_e06ac3b9:21:43154
21,16464,2023-01-06,359,10.0,61,35.9,3,5,4,Need Attention,job_e06ac3b9:21:16464
27,41063,2023-01-19,346,10.0,83,34.6,3,5,5,Need Attention,job_e06ac3b9:27:41063
27,47491,2023-01-27,338,10.0,424,33.8,3,5,5,Need Attention,job_e06ac3b9:27:47491
21,30425,2023-01-27,338,10.0,143,33.8,3,5,4,Need Attention,job_e06ac3b9:21:30425
63,23291,2023-04-18,257,8.0,344,32.12,3,5,5,Need Attention,job_e06ac3b9:63:23291
54,11005,2023-01-13,352,11.0,281,32.0,4,5,5,Champion / Loyal,job_e06ac3b9:54:11005
49,2966,2023-04-19,256,8.0,205,32.0,1,3,2,Average Purchaser,job_e06ac3b9:49:2966
36,46088,2023-01-08,357,11.5,79,31.04,2,5,4,High-Value At-Risk,job_e06ac3b9:36:46088
63,45681,2023-01-01,364,12.0,351,30.33,3,5,5,Need Attention,job_e06ac3b9:63:45681
21,12129,2023-01-27,338,11.5,491,29.39,3,5,4,Need Attention,job_e06ac3b9:21:12129
21,41131,2023-01-27,338,11.5,151,29.39,3,5,4,Need Attention,job_e06ac3b9:21:41131
63,42701,2023-02-14,320,11.0,269,29.09,3,5,5,Need Attention,job_e06ac3b9:63:42701
21,46388,2023-03-20,286,10.0,296,28.6,3,5,4,Need Attention,job_e06ac3b9:21:46388
21,43645,2023-01-27,338,12.0,119,28.17,3,5,4,Need Attention,job_e06ac3b9:21:43645
27,24721,2023-06-17,197,7.0,292,28.14,3,5,5,Need Attention,job_e06ac3b9:27:24721
63,41950,2022-12-21,375,13.5,369,27.78,3,5,5,Need Attention,job_e06ac3b9:63:41950
27,34137,2023-03-29,277,10.0,462,27.7,3,5,5,Need Attention,job_e06ac3b9:27:34137
27,36205,2023-03-29,277,10.0,268,27.7,3,5,5,Need Attention,job_e06ac3b9:27:36205
27,24035,2023-03-29,277,10.0,102,27.7,3,5,5,Need Attention,job_e06ac3b9:27:24035
2,46676,2023-06-23,191,7.0,116,27.29,5,4,4,Champion / Loyal,job_e06ac3b9:2:46676
2,4957,2023-06-23,191,7.0,157,27.29,5,4,4,Champion / Loyal,job_e06ac3b9:2:4957
27,32478,2023-01-15,350,13.0,310,26.92,3,5,5,Need Attention,job_e06ac3b9:27:32478
63,36550,2023-02-14,320,12.0,471,26.67,3,5,5,Need Attention,job_e06ac3b9:63:36550
63,39877,2023-06-17,197,7.5,486,26.27,3,5,5,Need Attention,job_e06ac3b9:63:39877
21,29095,2023-03-20,286,11.0,156,26.0,3,5,4,Need Attention,job_e06ac3b9:21:29095
50,18140,2023-01-02,363,14.0,358,25.93,5,5,5,Champion / Loyal,job_e06ac3b9:50:18140
27,47920,2023-01-14,351,14.0,144,25.07,3,5,5,Need Attention,job_e06ac3b9:27:47920
21,16139,2023-03-18,288,11.5,366,25.04,3,5,4,Need Attention,job_e06ac3b9:21:16139
27,33929,2023-02-09,325,13.0,107,25.0,3,5,5,Need Attention,job_e06ac3b9:27:33929
14,4210,2023-07-09,175,7.0,443,25.0,2,4,4,High-Value At-Risk,job_e06ac3b9:14:4210
27,36183,2023-01-18,347,14.0,208,24.79,3,5,5,Need Attention,job_e06ac3b9:27:36183
27,23291,2023-06-17,197,8.0,344,24.62,3,5,5,Need Attention,job_e06ac3b9:27:23291
17,21553,2023-04-07,268,11.0,183,24.36,1,5,5,High-Value At-Risk,job_e06ac3b9:17:21553
21,15720,2023-03-26,280,11.5,109,24.35,3,5,4,Need Attention,job_e06ac3b9:21:15720
27,93,2023-01-05,360,15.0,215,24.0,3,5,5,Need Attention,job_e06ac3b9:27:93
63,34768,2023-02-23,311,13.0,497,23.92,3,5,5,Need Attention,job_e06ac3b9:63:34768
21,11187,2023-01-31,334,14.0,388,23.86,3,5,4,Need Attention,job_e06ac3b9:21:11187
63,42063,2023-02-02,332,14.0,87,23.71,3,5,5,Need Attention,job_e06ac3b9:63:42063
63,39279,2023-02-02,332,14.0,63,23.71,3,5,5,Need Attention,job_e06ac3b9:63:39279
21,43352,2023-06-25,189,8.0,462,23.62,3,5,4,Need Attention,job_e06ac3b9:21:43352
50,46069,2023-03-23,283,12.0,364,23.58,5,5,5,Champion / Loyal,job_e06ac3b9:50:46069
63,20738,2023-01-25,340,14.5,393,23.45,3,5,5,Need Attention,job_e06ac3b9:63:20738
36,7673,2023-02-10,324,14.0,230,23.14,2,5,4,High-Value At-Risk,job_e06ac3b9:36:7673
17,9634,2023-01-18,347,15.0,479,23.13,1,5,5,High-Value At-Risk,job_e06ac3b9:17:9634
38,19816,2023-04-22,253,11.0,335,23.0,4,3,4,Average Purchaser,job_e06ac3b9:38:19816
63,40691,2023-03-10,296,13.0,148,22.77,3,5,5,Need Attention,job_e06ac3b9:63:40691
35,38596,2023-04-28,247,11.0,104,22.45,1,3,4,High-Value At-Risk,job_e06ac3b9:35:38596
21,12615,2023-01-31,334,15.0,495,22.27,3,5,4,Need Attention,job_e06ac3b9:21:12615
50,14086,2023-02-23,311,14.0,62,22.21,5,5,5,Champion / Loyal,job_e06ac3b9:50:14086
14,34234,2023-04-10,265,12.0,407,22.08,2,4,4,High-Value At-Risk,job_e06ac3b9:14:34234
63,25305,2022-12-21,375,17.0,295,22.06,3,5,5,Need Attention,job_e06ac3b9:63:25305
54,17638,2023-06-16,198,9.0,247,22.0,4,5,5,Champion / Loyal,job_e06ac3b9:54:17638
37,38693,2023-02-07,327,15.0,101,21.8,4,4,4,Champion / Loyal,job_e06ac3b9:37:38693
27,42987,2022-12-18,378,17.5,480,21.6,3,5,5,Need Attention,job_e06ac3b9:27:42987
14,40348,2023-05-10,235,11.0,285,21.36,2,4,4,High-Value At-Risk,job_e06ac3b9:14:40348
59,36039,2023-06-01,213,10.0,110,21.3,1,3,3,Average Purchaser,job_e06ac3b9:59:36039
27,20947,2023-03-08,298,14.0,408,21.29,3,5,5,Need Attention,job_e06ac3b9:27:20947
27,44786,2023-01-05,360,17.0,99,21.18,3,5,5,Need Attention,job_e06ac3b9:27:44786
46,41844,2022-12-16,380,18.0,287,21.11,1,4,4,High-Value At-Risk,job_e06ac3b9:46:41844
43,27086,2023-06-26,188,9.0,288,20.89,1,3,4,High-Value At-Risk,job_e06ac3b9:43:27086
50,14651,2023-02-23,311,15.0,181,20.73,5,5,5,Champion / Loyal,job_e06ac3b9:50:14651
37,10322,2023-03-17,289,14.0,128,20.64,4,4,4,Champion / Loyal,job_e06ac3b9:37:10322
27,32792,2023-01-05,360,17.5,144,20.57,3,5,5,Need Attention,job_e06ac3b9:27:32792
14,7877,2023-03-19,287,14.0,276,20.5,2,4,4,High-Value At-Risk,job_e06ac3b9:14:7877
37,19057,2023-02-27,307,15.0,293,20.47,4,4,4,Champion / Loyal,job_e06ac3b9:37:19057
63,27554,2023-03-10,296,14.5,402,20.41,3,5,5,Need Attention,job_e06ac3b9:63:27554
63,18095,2023-03-10,296,14.5,489,20.41,3,5,5,Need Attention,job_e06ac3b9:63:18095
2,38656,2023-06-10,204,10.0,478,20.4,5,4,4,Champion / Loyal,job_e06ac3b9:2:38656
2,5322,2023-06-10,204,10.0,221,20.4,5,4,4,Champion / Loyal,job_e06ac3b9:2:5322
2,17224,2023-06-10,204,10.0,414,20.4,5,4,4,Champion / Loyal,job_e06ac3b9:2:17224
54,22713,2022-12-10,386,19.0,194,20.32,4,5,5,Champion / Loyal,job_e06ac3b9:54:22713
22,44359,2023-05-04,241,12.0,452,20.08,1,4,3,High-Value At-Risk,job_e06ac3b9:22:44359
7,13249,2023-04-15,260,13.0,360,20.0,1,4,4,High-Value At-Risk,job_e06ac3b9:7:13249
37,2314,2023-05-25,220,11.0,237,20.0,4,4,4,Champion / Loyal,job_e06ac3b9:37:2314
7,42828,2023-06-14,200,10.0,68,20.0,1,4,4,High-Value At-Risk,job_e06ac3b9:7:42828
37,46969,2023-03-27,279,14.0,115,19.93,4,4,4,Champion / Loyal,job_e06ac3b9:37:46969
37,49235,2023-05-06,239,12.0,416,19.92,4,4,4,Champion / Loyal,job_e06ac3b9:37:49235
54,28851,2023-05-07,238,12.0,175,19.83,4,5,5,Champion / Loyal,job_e06ac3b9:54:28851
37,47766,2023-02-27,307,15.5,124,19.81,4,4,4,Champion / Loyal,job_e06ac3b9:37:47766
14,5782,2023-05-10,235,12.0,483,19.58,2,4,4,High-Value At-Risk,job_e06ac3b9:14:5782
37,27086,2023-07-08,176,9.0,288,19.56,4,4,4,Champion / Loyal,job_e06ac3b9:37:27086
50,48857,2023-03-23,283,14.5,93,19.52,5,5,5,Champion / Loyal,job_e06ac3b9:50:48857
62,43352,2023-07-28,156,8.0,462,19.5,3,3,3,Need Attention,job_e06ac3b9:62:43352
17,15844,2023-02-04,330,17.0,294,19.41,1,5,5,High-Value At-Risk,job_e06ac3b9:17:15844
63,11005,2023-06-01,213,11.0,281,19.36,3,5,5,Need Attention,job_e06ac3b9:63:11005
37,25588,2023-03-17,289,15.0,382,19.27,4,4,4,Champion / Loyal,job_e06ac3b9:37:25588
27,1005,2023-04-06,269,14.0,353,19.21,3,5,5,Need Attention,job_e06ac3b9:27:1005
27,10312,2023-04-06,269,14.0,234,19.21,3,5,5,Need Attention,job_e06ac3b9:27:10312
27,22290,2023-04-06,269,14.0,203,19.21,3,5,5,Need Attention,job_e06ac3b9:27:22290
27,42611,2023-04-06,269,14.0,210,19.21,3,5,5,Need Attention,job_e06ac3b9:27:42611
2,40571,2023-06-23,191,10.0,467,19.1,5,4,4,Champion / Loyal,job_e06ac3b9:2:40571
50,11933,2023-02-10,324,17.0,110,19.06,5,5,5,Champion / Loyal,job_e06ac3b9:50:11933
54,27142,2022-12-15,381,20.0,191,19.05,4,5,5,Champion / Loyal,job_e06ac3b9:54:27142
37,1158,2023-02-11,323,17.0,435,19.0,4,4,4,Champion / Loyal,job_e06ac3b9:37:1158
36,11079,2023-07-04,180,9.5,449,18.95,2,5,4,High-Value At-Risk,job_e06ac3b9:36:11079
27,29944,2022-12-18,378,20.0,405,18.9,3,5,5,Need Attention,job_e06ac3b9:27:29944
63,6187,2023-01-25,340,18.0,324,18.89,3,5,5,Need Attention,job_e06ac3b9:63:6187
63,691,2023-01-25,340,18.0,247,18.89,3,5,5,Need Attention,job_e06ac3b9:63:691
49,1398,2023-05-19,226,12.0,78,18.83,1,3,2,Average Purchaser,job_e06ac3b9:49:1398
63,30639,2023-04-12,263,14.0,172,18.79,3,5,5,Need Attention,job_e06ac3b9:63:30639
21,196,2023-03-26,280,15.0,264,18.67,3,5,4,Need Attention,job_e06ac3b9:21:196
50,2643,2023-01-02,363,19.5,85,18.62,5,5,5,Champion / Loyal,job_e06ac3b9:50:2643
36,46995,2023-05-31,214,11.5,444,18.61,2,5,4,High-Value At-Risk,job_e06ac3b9:36:46995
30,6184,2023-08-14,139,7.5,457,18.53,1,3,1,Average Purchaser,job_e06ac3b9:30:6184
17,9387,2023-08-05,148,8.0,463,18.5,1,5,5,High-Value At-Risk,job_e06ac3b9:17:9387
54,19508,2023-06-11,203,11.0,90,18.45,4,5,5,Champion / Loyal,job_e06ac3b9:54:19508
46,46453,2022-12-09,387,21.0,183,18.43,1,4,4,High-Value At-Risk,job_e06ac3b9:46:46453
35,45084,2023-05-24,221,12.0,57,18.42,1,3,4,High-Value At-Risk,job_e06ac3b9:35:45084
63,27737,2022-12-10,386,21.0,95,18.38,3,5,5,Need Attention,job_e06ac3b9:63:27737
63,30336,2022-12-10,386,21.0,229,18.38,3,5,5,Need Attention,job_e06ac3b9:63:30336
50,37852,2023-04-19,256,14.0,468,18.29,5,5,5,Champion / Loyal,job_e06ac3b9:50:37852
27,12315,2022-12-31,365,20.0,268,18.25,3,5,5,Need Attention,job_e06ac3b9:27:12315
54,36116,2023-06-14,200,11.0,447,18.18,4,5,5,Champion / Loyal,job_e06ac3b9:54:36116
54,33468,2023-06-14,200,11.0,57,18.18,4,5,5,Champion / Loyal,job_e06ac3b9:54:33468
46,45009,2023-05-27,218,12.0,104,18.17,1,4,4,High-Value At-Risk,job_e06ac3b9:46:45009
17,29004,2023-02-27,307,17.0,365,18.06,1,5,5,High-Value At-Risk,job_e06ac3b9:17:29004
23,4210,2023-08-27,126,7.0,443,18.0,1,1,2,Low-Value / Lost,job_e06ac3b9:23:4210
54,5746,2023-05-03,242,13.5,217,17.93,4,5,5,Champion / Loyal,job_e06ac3b9:54:5746
2,13176,2023-05-12,233,13.0,303,17.92,5,4,4,Champion / Loyal,job_e06ac3b9:2:13176
21,44375,2023-04-07,268,15.0,238,17.87,3,5,4,Need Attention,job_e06ac3b9:21:44375
27,35767,2022-12-22,374,21.0,482,17.81,3,5,5,Need Attention,job_e06ac3b9:27:35767
27,41009,2022-12-22,374,21.0,352,17.81,3,5,5,Need Attention,job_e06ac3b9:27:41009
27,43352,2023-08-11,142,8.0,462,17.75,3,5,5,Need Attention,job_e06ac3b9:27:43352
63,19678,2023-06-01,213,12.0,68,17.75,3,5,5,Need Attention,job_e06ac3b9:63:19678
54,26373,2022-12-26,370,21.0,253,17.62,4,5,5,Champion / Loyal,job_e06ac3b9:54:26373
54,28941,2022-12-26,370,21.0,175,17.62,4,5,5,Champion / Loyal,job_e06ac3b9:54:28941
54,48104,2023-01-13,352,20.0,478,17.6,4,5,5,Champion / Loyal,job_e06ac3b9:54:48104
27,42828,2023-07-08,176,10.0,68,17.6,3,5,5,Need Attention,job_e06ac3b9:27:42828
54,35824,2023-01-31,334,19.0,335,17.58,4,5,5,Champion / Loyal,job_e06ac3b9:54:35824
54,15503,2022-12-10,386,22.0,233,17.55,4,5,5,Champion / Loyal,job_e06ac3b9:54:15503
63,10749,2022-12-10,386,22.0,448,17.55,3,5,5,Need Attention,job_e06ac3b9:63:10749
54,25588,2023-04-12,263,15.0,382,17.53,4,5,5,Champion / Loyal,job_e06ac3b9:54:25588
54,25640,2023-04-12,263,15.0,415,17.53,4,5,5,Champion / Loyal,job_e06ac3b9:54:25640
63,4149,2023-04-12,263,15.0,191,17.53,3,5,5,Need Attention,job_e06ac3b9:63:4149
17,10300,2022-12-29,367,21.0,425,17.48,1,5,5,High-Value At-Risk,job_e06ac3b9:17:10300
17,8730,2022-12-29,367,21.0,207,17.48,1,5,5,High-Value At-Risk,job_e06ac3b9:17:8730
17,20215,2022-12-29,367,21.0,415,17.48,1,5,5,High-Value At-Risk,job_e06ac3b9:17:20215
15,42862,2023-04-13,262,15.0,200,17.47,2,4,3,High-Value At-Risk,job_e06ac3b9:15:42862
38,116,2023-04-22,253,14.5,477,17.45,4,3,4,Average Purchaser,job_e06ac3b9:38:116
42,34594,2023-05-19,226,13.0,79,17.38,5,4,4,Champion / Loyal,job_e06ac3b9:42:34594
63,10662,2023-01-01,364,21.0,198,17.33,3,5,5,Need Attention,job_e06ac3b9:63:10662
63,31883,2023-01-01,364,21.0,167,17.33,3,5,5,Need Attention,job_e06ac3b9:63:31883
28,48105,2023-02-25,309,18.0,115,17.17,3,5,4,Need Attention,job_e06ac3b9:28:48105
27,6508,2023-01-05,360,21.0,411,17.14,3,5,5,Need Attention,job_e06ac3b9:27:6508
27,48747,2023-01-05,360,21.0,283,17.14,3,5,5,Need Attention,job_e06ac3b9:27:48747
27,13269,2023-01-05,360,21.0,367,17.14,3,5,5,Need Attention,job_e06ac3b9:27:13269
50,17974,2023-07-13,171,10.0,95,17.1,5,5,5,Champion / Loyal,job_e06ac3b9:50:17974
50,26427,2023-07-13,171,10.0,225,17.1,5,5,5,Champion / Loyal,job_e06ac3b9:50:26427
27,24177,2023-01-06,359,21.0,412,17.1,3,5,5,Need Attention,job_e06ac3b9:27:24177
4,7350,2023-09-20,102,6.0,433,17.0,4,2,1,New / Promising,job_e06ac3b9:4:7350
37,20995,2023-03-17,289,17.0,123,17.0,4,4,4,Champion / Loyal,job_e06ac3b9:37:20995
17,12513,2023-01-08,357,21.0,456,17.0,1,5,5,High-Value At-Risk,job_e06ac3b9:17:12513
27,29668,2022-12-22,374,22.0,154,17.0,3,5,5,Need Attention,job_e06ac3b9:27:29668
63,14335,2023-06-10,204,12.0,493,17.0,3,5,5,Need Attention,job_e06ac3b9:63:14335
37,21137,2023-05-25,220,13.0,113,16.92,4,4,4,Champion / Loyal,job_e06ac3b9:37:21137
35,25466,2023-07-15,169,10.0,74,16.9,1,3,4,High-Value At-Risk,job_e06ac3b9:35:25466
35,24518,2023-07-15,169,10.0,386,16.9,1,3,4,High-Value At-Risk,job_e06ac3b9:35:24518
14,48566,2023-03-19,287,17.0,82,16.88,2,4,4,High-Value At-Risk,job_e06ac3b9:14:48566
54,34969,2022-12-26,370,22.0,445,16.82,4,5,5,Champion / Loyal,job_e06ac3b9:54:34969
54,24156,2023-01-13,352,21.0,306,16.76,4,5,5,Champion / Loyal,job_e06ac3b9:54:24156
14,23360,2023-03-21,285,17.0,217,16.76,2,4,4,High-Value At-Risk,job_e06ac3b9:14:23360
17,15820,2023-01-13,352,21.0,54,16.76,1,5,5,High-Value At-Risk,job_e06ac3b9:17:15820
27,23951,2023-01-14,351,21.0,213,16.71,3,5,5,Need Attention,job_e06ac3b9:27:23951
27,8777,2023-01-14,351,21.0,496,16.71,3,5,5,Need Attention,job_e06ac3b9:27:8777
63,30233,2023-04-25,250,15.0,320,16.67,3,5,5,Need Attention,job_e06ac3b9:63:30233
2,35917,2023-05-12,233,14.0,101,16.64,5,4,4,Champion / Loyal,job_e06ac3b9:2:35917
21,46842,2023-05-12,233,14.0,116,16.64,3,5,4,Need Attention,job_e06ac3b9:21:46842
54,6873,2022-12-30,366,22.0,495,16.64,4,5,5,Champion / Loyal,job_e06ac3b9:54:6873
48,22613,2023-05-12,233,14.0,252,16.64,1,3,3,Average Purchaser,job_e06ac3b9:48:22613
52,6184,2023-08-29,124,7.5,457,16.53,3,5,4,Need Attention,job_e06ac3b9:52:6184
27,23576,2023-01-18,347,21.0,230,16.52,3,5,5,Need Attention,job_e06ac3b9:27:23576
27,45774,2023-01-18,347,21.0,388,16.52,3,5,5,Need Attention,job_e06ac3b9:27:45774
60,41950,2023-05-22,223,13.5,369,16.52,4,3,3,Average Purchaser,job_e06ac3b9:60:41950
27,24549,2023-01-18,347,21.0,469,16.52,3,5,5,Need Attention,job_e06ac3b9:27:24549
27,36406,2023-01-18,347,21.0,232,16.52,3,5,5,Need Attention,job_e06ac3b9:27:36406
37,37250,2023-03-27,279,17.0,264,16.41,4,4,4,Champion / Loyal,job_e06ac3b9:37:37250
27,7303,2023-07-20,164,10.0,209,16.4,3,5,5,Need Attention,job_e06ac3b9:27:7303
54,8903,2023-08-22,131,8.0,435,16.38,4,5,5,Champion / Loyal,job_e06ac3b9:54:8903
29,38233,2023-07-04,180,11.0,304,16.36,3,4,4,Need Attention,job_e06ac3b9:29:38233
29,38053,2023-07-04,180,11.0,300,16.36,3,4,4,Need Attention,job_e06ac3b9:29:38053
54,23734,2023-07-04,180,11.0,430,16.36,4,5,5,Champion / Loyal,job_e06ac3b9:54:23734
54,1158,2023-03-28,278,17.0,435,16.35,4,5,5,Champion / Loyal,job_e06ac3b9:54:1158
17,6334,2023-01-22,343,21.0,338,16.33,1,5,5,High-Value At-Risk,job_e06ac3b9:17:6334
17,46844,2023-01-22,343,21.0,133,16.33,1,5,5,High-Value At-Risk,job_e06ac3b9:17:46844
37,19511,2023-05-25,220,13.5,69,16.3,4,4,4,Champion / Loyal,job_e06ac3b9:37:19511
28,21137,2023-06-03,211,13.0,113,16.23,3,5,4,Need Attention,job_e06ac3b9:28:21137
63,34574,2023-01-25,340,21.0,380,16.19,3,5,5,Need Attention,job_e06ac3b9:63:34574
63,8087,2023-01-25,340,21.0,428,16.19,3,5,5,Need Attention,job_e06ac3b9:63:8087
38,32691,2023-06-20,194,12.0,362,16.17,4,3,4,Average Purchaser,job_e06ac3b9:38:32691
38,8638,2023-06-20,194,12.0,280,16.17,4,3,4,Average Purchaser,job_e06ac3b9:38:8638
37,45063,2023-02-19,315,19.5,144,16.15,4,4,4,Champion / Loyal,job_e06ac3b9:37:45063
52,10441,2023-08-24,129,8.0,296,16.12,3,5,4,Need Attention,job_e06ac3b9:52:10441
21,7331,2023-07-23,161,10.0,344,16.1,3,5,4,Need Attention,job_e06ac3b9:21:7331
27,36523,2023-01-27,338,21.0,490,16.1,3,5,5,Need Attention,job_e06ac3b9:27:36523
27,38547,2023-03-17,289,18.0,75,16.06,3,5,5,Need Attention,job_e06ac3b9:27:38547
17,11919,2023-01-28,337,21.0,103,16.05,1,5,5,High-Value At-Risk,job_e06ac3b9:17:11919
27,1194,2023-10-04,88,5.5,349,16.0,3,5,5,Need Attention,job_e06ac3b9:27:1194
41,42828,2023-07-24,160,10.0,68,16.0,1,2,3,Average Purchaser,job_e06ac3b9:41:42828
28,27086,2023-08-09,144,9.0,288,16.0,3,5,4,Need Attention,job_e06ac3b9:28:27086
7,19678,2023-06-23,191,12.0,68,15.92,1,4,4,High-Value At-Risk,job_e06ac3b9:7:19678
50,48722,2023-04-05,270,17.0,370,15.88,5,5,5,Champion / Loyal,job_e06ac3b9:50:48722
17,36552,2023-05-07,238,15.0,485,15.87,1,5,5,High-Value At-Risk,job_e06ac3b9:17:36552
63,36082,2023-05-08,237,15.0,418,15.8,3,5,5,Need Attention,job_e06ac3b9:63:36082
54,24622,2023-01-18,347,22.0,141,15.77,4,5,5,Champion / Loyal,job_e06ac3b9:54:24622
21,8668,2023-06-25,189,12.0,455,15.75,3,5,4,Need Attention,job_e06ac3b9:21:8668
21,21508,2023-06-25,189,12.0,198,15.75,3,5,4,Need Attention,job_e06ac3b9:21:21508
21,16965,2023-06-25,189,12.0,272,15.75,3,5,4,Need Attention,job_e06ac3b9:21:16965
28,47766,2023-05-01,244,15.5,124,15.74,3,5,4,Need Attention,job_e06ac3b9:28:47766
17,32498,2023-02-04,330,21.0,449,15.71,1,5,5,High-Value At-Risk,job_e06ac3b9:17:32498
7,49235,2023-06-26,188,12.0,416,15.67,1,4,4,High-Value At-Risk,job_e06ac3b9:7:49235
50,14955,2023-05-26,219,14.0,406,15.64,5,5,5,Champion / Loyal,job_e06ac3b9:50:14955
63,5120,2023-02-23,311,20.0,55,15.55,3,5,5,Need Attention,job_e06ac3b9:63:5120
17,6212,2023-02-08,326,21.0,251,15.52,1,5,5,High-Value At-Risk,job_e06ac3b9:17:6212
17,12855,2023-02-04,330,21.5,459,15.35,1,5,5,High-Value At-Risk,job_e06ac3b9:17:12855
41,19678,2023-06-30,184,12.0,68,15.33,1,2,3,Average Purchaser,job_e06ac3b9:41:19678
27,13984,2022-12-22,374,24.5,144,15.27,3,5,5,Need Attention,job_e06ac3b9:27:13984
63,48112,2023-02-14,320,21.0,418,15.24,3,5,5,Need Attention,job_e06ac3b9:63:48112
63,35249,2023-02-14,320,21.0,261,15.24,3,5,5,Need Attention,job_e06ac3b9:63:35249
37,18090,2023-05-17,228,15.0,480,15.2,4,4,4,Champion / Loyal,job_e06ac3b9:37:18090
37,10305,2023-05-17,228,15.0,446,15.2,4,4,4,Champion / Loyal,job_e06ac3b9:37:10305
63,23323,2023-04-18,257,17.0,463,15.12,3,5,5,Need Attention,job_e06ac3b9:63:23323
37,23165,2023-09-01,121,8.0,120,15.12,4,4,4,Champion / Loyal,job_e06ac3b9:37:23165
37,39748,2023-03-27,279,18.5,262,15.08,4,4,4,Champion / Loyal,job_e06ac3b9:37:39748
49,16696,2023-05-19,226,15.0,479,15.07,1,3,2,Average Purchaser,job_e06ac3b9:49:16696
21,36677,2023-05-19,226,15.0,319,15.07,3,5,4,Need Attention,job_e06ac3b9:21:36677
49,12916,2023-05-19,226,15.0,125,15.07,1,3,2,Average Purchaser,job_e06ac3b9:49:12916
50,4601,2023-02-18,316,21.0,371,15.05,5,5,5,Champion / Loyal,job_e06ac3b9:50:4601
63,12962,2022-12-21,375,25.0,345,15.0,3,5,5,Need Attention,job_e06ac3b9:63:12962
63,42356,2022-12-21,375,25.0,52,15.0,3,5,5,Need Attention,job_e06ac3b9:63:42356
17,47577,2023-02-19,315,21.0,497,15.0,1,5,5,High-Value At-Risk,job_e06ac3b9:17:47577
55,26172,2023-07-19,165,11.0,153,15.0,3,2,3,Need Attention,job_e06ac3b9:55:26172
3,38596,2023-07-19,165,11.0,104,15.0,3,3,3,Need Attention,job_e06ac3b9:3:38596
42,36086,2023-07-19,165,11.0,211,15.0,5,4,4,Champion / Loyal,job_e06ac3b9:42:36086
54,3494,2023-06-04,210,14.0,354,15.0,4,5,5,Champion / Loyal,job_e06ac3b9:54:3494
27,46524,2022-12-22,374,25.0,483,14.96,3,5,5,Need Attention,job_e06ac3b9:27:46524
54,9092,2023-02-20,314,21.0,95,14.95,4,5,5,Champion / Loyal,job_e06ac3b9:54:9092
54,28432,2023-02-20,314,21.0,390,14.95,4,5,5,Champion / Loyal,job_e06ac3b9:54:28432
38,32433,2023-04-22,253,17.0,294,14.88,4,3,4,Average Purchaser,job_e06ac3b9:38:32433
64,4210,2023-09-18,104,7.0,443,14.86,5,3,4,Average Purchaser,job_e06ac3b9:64:4210
37,9839,2023-02-07,327,22.0,423,14.86,4,4,4,Champion / Loyal,job_e06ac3b9:37:9839
63,21852,2023-02-23,311,21.0,370,14.81,3,5,5,Need Attention,job_e06ac3b9:63:21852
15,30292,2023-05-23,222,15.0,411,14.8,2,4,3,High-Value At-Risk,job_e06ac3b9:15:30292
14,33689,2023-09-04,118,8.0,311,14.75,2,4,4,High-Value At-Risk,job_e06ac3b9:14:33689
52,10445,2023-05-24,221,15.0,151,14.73,3,5,4,Need Attention,job_e06ac3b9:52:10445
14,9239,2023-04-10,265,18.0,56,14.72,2,4,4,High-Value At-Risk,job_e06ac3b9:14:9239
28,34551,2023-02-25,309,21.0,284,14.71,3,5,4,Need Attention,job_e06ac3b9:28:34551
59,27086,2023-08-21,132,9.0,288,14.67,1,3,3,Average Purchaser,job_e06ac3b9:59:27086
37,3481,2023-05-25,220,15.0,446,14.67,4,4,4,Champion / Loyal,job_e06ac3b9:37:3481
37,17600,2023-02-27,307,21.0,171,14.62,4,4,4,Champion / Loyal,job_e06ac3b9:37:17600
54,10603,2023-02-27,307,21.0,423,14.62,4,5,5,Champion / Loyal,job_e06ac3b9:54:10603
27,44359,2023-07-09,175,12.0,452,14.58,3,5,5,Need Attention,job_e06ac3b9:27:44359
63,27966,2023-02-14,320,22.0,221,14.55,3,5,5,Need Attention,job_e06ac3b9:63:27966
21,21137,2023-06-25,189,13.0,113,14.54,3,5,4,Need Attention,job_e06ac3b9:21:21137
21,37646,2023-05-27,218,15.0,101,14.53,3,5,4,Need Attention,job_e06ac3b9:21:37646
21,10957,2023-05-27,218,15.0,486,14.53,3,5,4,Need Attention,job_e06ac3b9:21:10957
28,42828,2023-08-08,145,10.0,68,14.5,3,5,4,Need Attention,job_e06ac3b9:28:42828
30,21386,2023-07-18,166,11.5,339,14.43,1,3,1,Average Purchaser,job_e06ac3b9:30:21386
21,42356,2023-01-06,359,25.0,52,14.36,3,5,4,Need Attention,job_e06ac3b9:21:42356
1,26088,2023-05-30,215,15.0,136,14.33,2,3,2,Average Purchaser,job_e06ac3b9:1:26088
37,48364,2023-02-19,315,22.0,227,14.32,4,4,4,Champion / Loyal,job_e06ac3b9:37:48364
54,36011,2023-06-29,185,13.0,307,14.23,4,5,5,Champion / Loyal,job_e06ac3b9:54:36011
49,28204,2023-04-19,256,18.0,187,14.22,1,3,2,Average Purchaser,job_e06ac3b9:49:28204
37,25931,2023-02-07,327,23.0,236,14.22,4,4,4,Champion / Loyal,job_e06ac3b9:37:25931
2,13742,2023-08-11,142,10.0,486,14.2,5,4,4,Champion / Loyal,job_e06ac3b9:2:13742
2,15841,2023-08-11,142,10.0,98,14.2,5,4,4,Champion / Loyal,job_e06ac3b9:2:15841
2,18961,2023-08-11,142,10.0,193,14.2,5,4,4,Champion / Loyal,job_e06ac3b9:2:18961
56,47652,2023-10-07,85,6.0,250,14.17,2,3,4,High-Value At-Risk,job_e06ac3b9:56:47652
36,45871,2022-11-30,396,28.0,332,14.14,2,5,4,High-Value At-Risk,job_e06ac3b9:36:45871
2,37646,2023-06-02,212,15.0,101,14.13,5,4,4,Champion / Loyal,job_e06ac3b9:2:37646
63,29926,2023-04-07,268,19.0,64,14.11,3,5,5,Need Attention,job_e06ac3b9:63:29926
63,20734,2023-04-07,268,19.0,318,14.11,3,5,5,Need Attention,job_e06ac3b9:63:20734
62,16254,2023-08-12,141,10.0,339,14.1,3,3,3,Need Attention,job_e06ac3b9:62:16254
63,40198,2023-03-10,296,21.0,293,14.1,3,5,5,Need Attention,job_e06ac3b9:63:40198
63,26131,2023-03-10,296,21.0,298,14.1,3,5,5,Need Attention,job_e06ac3b9:63:26131
17,18855,2023-04-22,253,18.0,90,14.06,1,5,5,High-Value At-Risk,job_e06ac3b9:17:18855
38,1376,2023-04-22,253,18.0,268,14.06,4,3,4,Average Purchaser,job_e06ac3b9:38:1376
43,5322,2023-08-13,140,10.0,221,14.0,1,3,4,High-Value At-Risk,job_e06ac3b9:43:5322
54,8193,2023-02-27,307,22.0,89,13.95,4,5,5,Champion / Loyal,job_e06ac3b9:54:8193
36,22208,2022-12-08,388,28.0,486,13.86,2,5,4,High-Value At-Risk,job_e06ac3b9:36:22208
54,23181,2023-04-12,263,19.0,221,13.84,4,5,5,Champion / Loyal,job_e06ac3b9:54:23181
4,42329,2023-10-09,83,6.0,283,13.83,4,2,1,New / Promising,job_e06ac3b9:4:42329
54,27171,2023-03-16,290,21.0,374,13.81,4,5,5,Champion / Loyal,job_e06ac3b9:54:27171
54,6141,2023-03-16,290,21.0,241,13.81,4,5,5,Champion / Loyal,job_e06ac3b9:54:6141
35,42828,2023-08-15,138,10.0,68,13.8,1,3,4,High-Value At-Risk,job_e06ac3b9:35:42828
54,27344,2022-12-10,386,28.0,170,13.79,4,5,5,Champion / Loyal,job_e06ac3b9:54:27344
50,27521,2023-03-03,303,22.0,445,13.77,5,5,5,Champion / Loyal,job_e06ac3b9:50:27521
50,17400,2023-03-03,303,22.0,240,13.77,5,5,5,Champion / Loyal,job_e06ac3b9:50:17400
63,39699,2023-03-10,296,21.5,323,13.77,3,5,5,Need Attention,job_e06ac3b9:63:39699
63,11182,2023-04-07,268,19.5,436,13.74,3,5,5,Need Attention,job_e06ac3b9:63:11182
7,26346,2023-07-06,178,13.0,191,13.69,1,4,4,High-Value At-Risk,job_e06ac3b9:7:26346
14,41787,2023-06-09,205,15.0,230,13.67,2,4,4,High-Value At-Risk,job_e06ac3b9:14:41787
14,43863,2023-06-09,205,15.0,380,13.67,2,4,4,High-Value At-Risk,job_e06ac3b9:14:43863
43,13885,2023-07-20,164,12.0,427,13.67,1,3,4,High-Value At-Risk,job_e06ac3b9:43:13885
48,8277,2023-06-23,191,14.0,155,13.64,1,3,3,Average Purchaser,job_e06ac3b9:48:8277
21,44156,2023-03-20,286,21.0,107,13.62,3,5,4,Need Attention,job_e06ac3b9:21:44156
21,33548,2023-03-20,286,21.0,257,13.62,3,5,4,Need Attention,job_e06ac3b9:21:33548
21,37940,2023-03-20,286,21.0,213,13.62,3,5,4,Need Attention,job_e06ac3b9:21:37940
21,33819,2023-03-20,286,21.0,432,13.62,3,5,4,Need Attention,job_e06ac3b9:21:33819
14,23819,2023-04-10,265,19.5,441,13.59,2,4,4,High-Value At-Risk,job_e06ac3b9:14:23819
21,24186,2023-08-18,135,10.0,219,13.5,3,5,4,Need Attention,job_e06ac3b9:21:24186
54,24830,2023-04-12,263,19.5,379,13.49,4,5,5,Champion / Loyal,job_e06ac3b9:54:24830
17,9176,2023-03-23,283,21.0,316,13.48,1,5,5,High-Value At-Risk,job_e06ac3b9:17:9176
21,27086,2023-09-01,121,9.0,288,13.44,3,5,4,Need Attention,job_e06ac3b9:21:27086
17,1774,2023-07-23,161,12.0,342,13.42,1,5,5,High-Value At-Risk,job_e06ac3b9:17:1774
63,29127,2023-04-07,268,20.0,453,13.4,3,5,5,Need Attention,job_e06ac3b9:63:29127
54,10108,2023-06-14,200,15.0,351,13.33,4,5,5,Champion / Loyal,job_e06ac3b9:54:10108
48,29307,2023-04-15,260,19.5,411,13.33,1,3,3,Average Purchaser,job_e06ac3b9:48:29307
17,7350,2023-10-12,80,6.0,433,13.33,1,5,5,High-Value At-Risk,job_e06ac3b9:17:7350
41,7955,2023-07-24,160,12.0,358,13.33,1,2,3,Average Purchaser,job_e06ac3b9:41:7955
7,15581,2023-06-14,200,15.0,265,13.33,1,4,4,High-Value At-Risk,job_e06ac3b9:7:15581
21,11352,2023-01-06,359,27.0,145,13.3,3,5,4,Need Attention,job_e06ac3b9:21:11352
14,239,2023-04-10,265,20.0,427,13.25,2,4,4,High-Value At-Risk,job_e06ac3b9:14:239
42,22372,2023-06-29,185,14.0,182,13.21,5,4,4,Champion / Loyal,job_e06ac3b9:42:22372
59,45645,2023-08-21,132,10.0,287,13.2,1,3,3,Average Purchaser,job_e06ac3b9:59:45645
59,44408,2023-08-21,132,10.0,98,13.2,1,3,3,Average Purchaser,job_e06ac3b9:59:44408
17,22309,2023-01-22,343,26.0,147,13.19,1,5,5,High-Value At-Risk,job_e06ac3b9:17:22309
50,37552,2023-03-03,303,23.0,189,13.17,5,5,5,Champion / Loyal,job_e06ac3b9:50:37552
2,47766,2023-06-10,204,15.5,124,13.16,5,4,4,Champion / Loyal,job_e06ac3b9:2:47766
41,6348,2023-06-30,184,14.0,57,13.14,1,2,3,Average Purchaser,job_e06ac3b9:41:6348
37,3382,2023-03-17,289,22.0,385,13.14,4,4,4,Champion / Loyal,job_e06ac3b9:37:3382
37,41220,2023-03-17,289,22.0,433,13.14,4,4,4,Champion / Loyal,job_e06ac3b9:37:41220
60,24489,2023-05-22,223,17.0,418,13.12,4,3,3,Average Purchaser,job_e06ac3b9:60:24489
60,1158,2023-05-22,223,17.0,435,13.12,4,3,3,Average Purchaser,job_e06ac3b9:60:1158
46,38775,2023-06-24,190,14.5,215,13.1,1,4,4,High-Value At-Risk,job_e06ac3b9:46:38775
28,27323,2023-08-09,144,11.0,354,13.09,3,5,4,Need Attention,job_e06ac3b9:28:27323
41,14778,2023-08-23,130,10.0,301,13.0,1,2,3,Average Purchaser,job_e06ac3b9:41:14778
14,5595,2023-07-09,175,13.5,350,12.96,2,4,4,High-Value At-Risk,job_e06ac3b9:14:5595
28,37192,2023-07-03,181,14.0,323,12.93,3,5,4,Need Attention,job_e06ac3b9:28:37192
63,33719,2023-04-05,270,21.0,153,12.86,3,5,5,Need Attention,job_e06ac3b9:63:33719
63,49628,2023-04-05,270,21.0,224,12.86,3,5,5,Need Attention,job_e06ac3b9:63:49628
50,7054,2023-04-05,270,21.0,123,12.86,5,5,5,Champion / Loyal,job_e06ac3b9:50:7054
63,2435,2023-04-05,270,21.0,310,12.86,3,5,5,Need Attention,job_e06ac3b9:63:2435
63,42697,2023-04-18,257,20.0,359,12.85,3,5,5,Need Attention,job_e06ac3b9:63:42697
63,19180,2023-04-18,257,20.0,470,12.85,3,5,5,Need Attention,job_e06ac3b9:63:19180
46,43712,2023-08-12,141,11.0,447,12.82,1,4,4,High-Value At-Risk,job_e06ac3b9:46:43712
27,23405,2023-04-06,269,21.0,60,12.81,3,5,5,Need Attention,job_e06ac3b9:27:23405
63,30855,2023-02-14,320,25.0,264,12.8,3,5,5,Need Attention,job_e06ac3b9:63:30855
21,5860,2023-05-02,243,19.0,461,12.79,3,5,4,Need Attention,job_e06ac3b9:21:5860
21,30618,2023-01-20,345,27.0,79,12.78,3,5,4,Need Attention,job_e06ac3b9:21:30618
63,32655,2023-04-07,268,21.0,267,12.76,3,5,5,Need Attention,job_e06ac3b9:63:32655
7,43352,2023-09-20,102,8.0,462,12.75,1,4,4,High-Value At-Risk,job_e06ac3b9:7:43352
27,15399,2023-04-20,255,20.0,85,12.75,3,5,5,Need Attention,job_e06ac3b9:27:15399
48,38456,2023-06-23,191,15.0,235,12.73,1,3,3,Average Purchaser,job_e06ac3b9:48:38456
17,20934,2023-01-28,337,26.5,299,12.72,1,5,5,High-Value At-Risk,job_e06ac3b9:17:20934
42,13176,2023-07-19,165,13.0,303,12.69,5,4,4,Champion / Loyal,job_e06ac3b9:42:13176
3,21137,2023-07-19,165,13.0,113,12.69,3,3,3,Need Attention,job_e06ac3b9:3:21137
37,16349,2023-03-27,279,22.0,486,12.68,4,4,4,Champion / Loyal,job_e06ac3b9:37:16349
54,45771,2023-03-28,278,22.0,494,12.64,4,5,5,Champion / Loyal,job_e06ac3b9:54:45771
32,5612,2023-09-21,101,8.0,342,12.62,4,2,4,New / Promising,job_e06ac3b9:32:5612
32,12341,2023-09-21,101,8.0,211,12.62,4,2,4,New / Promising,job_e06ac3b9:32:12341
14,33086,2023-04-10,265,21.0,442,12.62,2,4,4,High-Value At-Risk,job_e06ac3b9:14:33086
14,34827,2023-04-10,265,21.0,196,12.62,2,4,4,High-Value At-Risk,job_e06ac3b9:14:34827
43,24024,2023-07-20,164,13.0,127,12.62,1,3,4,High-Value At-Risk,job_e06ac3b9:43:24024
21,48205,2023-06-25,189,15.0,316,12.6,3,5,4,Need Attention,job_e06ac3b9:21:48205
27,5258,2023-08-27,126,10.0,183,12.6,3,5,5,Need Attention,job_e06ac3b9:27:5258
37,40298,2023-02-07,327,26.0,77,12.58,4,4,4,Champion / Loyal,job_e06ac3b9:37:40298
54,3793,2023-01-13,352,28.0,461,12.57,4,5,5,Champion / Loyal,job_e06ac3b9:54:3793
17,10921,2023-02-08,326,26.0,133,12.54,1,5,5,High-Value At-Risk,job_e06ac3b9:17:10921
28,44910,2023-05-01,244,19.5,239,12.51,3,5,4,Need Attention,job_e06ac3b9:28:44910
55,30827,2023-09-22,100,8.0,473,12.5,3,2,3,Need Attention,job_e06ac3b9:55:30827
54,44514,2023-03-31,275,22.0,73,12.5,4,5,5,Champion / Loyal,job_e06ac3b9:54:44514
52,116,2023-07-04,180,14.5,477,12.41,3,5,4,Need Attention,job_e06ac3b9:52:116
54,29439,2023-01-18,347,28.0,195,12.39,4,5,5,Champion / Loyal,job_e06ac3b9:54:29439
50,43789,2023-03-03,303,24.5,460,12.37,5,5,5,Champion / Loyal,job_e06ac3b9:50:43789
54,34590,2023-05-10,235,19.0,347,12.37,4,5,5,Champion / Loyal,job_e06ac3b9:54:34590
21,17616,2023-01-31,334,27.0,383,12.37,3,5,4,Need Attention,job_e06ac3b9:21:17616
14,21689,2023-04-10,265,21.5,459,12.33,2,4,4,High-Value At-Risk,job_e06ac3b9:14:21689
14,44799,2023-08-05,148,12.0,287,12.33,2,4,4,High-Value At-Risk,job_e06ac3b9:14:44799
54,13885,2023-08-05,148,12.0,427,12.33,4,5,5,Champion / Loyal,job_e06ac3b9:54:13885
60,33741,2023-06-17,197,16.0,104,12.31,4,3,3,Average Purchaser,job_e06ac3b9:60:33741
9,33787,2023-10-06,86,7.0,109,12.29,3,1,3,Need Attention,job_e06ac3b9:9:33787
9,4957,2023-10-06,86,7.0,157,12.29,3,1,3,Need Attention,job_e06ac3b9:9:4957
50,4656,2023-02-27,307,25.0,148,12.28,5,5,5,Champion / Loyal,job_e06ac3b9:50:4656
35,33043,2023-05-24,221,18.0,457,12.28,1,3,4,High-Value At-Risk,job_e06ac3b9:35:33043
63,41220,2023-04-05,270,22.0,433,12.27,3,5,5,Need Attention,job_e06ac3b9:63:41220
50,47734,2023-04-05,270,22.0,315,12.27,5,5,5,Champion / Loyal,job_e06ac3b9:50:47734
56,43352,2023-09-24,98,8.0,462,12.25,2,3,4,High-Value At-Risk,job_e06ac3b9:56:43352
63,49235,2023-08-06,147,12.0,416,12.25,3,5,5,Need Attention,job_e06ac3b9:63:49235
3,9387,2023-09-24,98,8.0,463,12.25,3,3,3,Need Attention,job_e06ac3b9:3:9387
21,2434,2023-06-25,189,15.5,109,12.19,3,5,4,Need Attention,job_e06ac3b9:21:2434
21,18793,2023-06-25,189,15.5,440,12.19,3,5,4,Need Attention,job_e06ac3b9:21:18793
63,27730,2023-05-02,243,20.0,253,12.15,3,5,5,Need Attention,job_e06ac3b9:63:27730
27,39964,2023-07-08,176,14.5,295,12.14,3,5,5,Need Attention,job_e06ac3b9:27:39964
46,40574,2023-05-27,218,18.0,477,12.11,1,4,4,High-Value At-Risk,job_e06ac3b9:46:40574
37,22825,2023-09-07,115,9.5,174,12.11,4,4,4,Champion / Loyal,job_e06ac3b9:37:22825
14,35264,2023-06-09,205,17.0,239,12.06,2,4,4,High-Value At-Risk,job_e06ac3b9:14:35264
52,14309,2023-05-16,229,19.0,253,12.05,3,5,4,Need Attention,job_e06ac3b9:52:14309
14,5818,2023-04-10,265,22.0,215,12.05,2,4,4,High-Value At-Risk,job_e06ac3b9:14:5818
14,22849,2023-05-10,235,19.5,477,12.05,2,4,4,High-Value At-Risk,job_e06ac3b9:14:22849
63,2228,2023-06-10,204,17.0,401,12.0,3,5,5,Need Attention,job_e06ac3b9:63:2228
16,44359,2023-08-09,144,12.0,452,12.0,2,2,3,Average Purchaser,job_e06ac3b9:16:44359
63,24489,2023-06-10,204,17.0,418,12.0,3,5,5,Need Attention,job_e06ac3b9:63:24489
36,32426,2022-11-30,396,33.0,54,12.0,2,5,4,High-Value At-Risk,job_e06ac3b9:36:32426
36,40605,2022-11-30,396,33.0,329,12.0,2,5,4,High-Value At-Risk,job_e06ac3b9:36:40605
37,5933,2023-05-06,239,20.0,427,11.95,4,4,4,Champion / Loyal,job_e06ac3b9:37:5933
50,30909,2023-06-23,191,16.0,169,11.94,5,5,5,Champion / Loyal,job_e06ac3b9:50:30909
17,49131,2023-01-31,334,28.0,187,11.93,1,5,5,High-Value At-Risk,job_e06ac3b9:17:49131
54,20574,2023-01-31,334,28.0,267,11.93,4,5,5,Champion / Loyal,job_e06ac3b9:54:20574
27,633,2023-05-07,238,20.0,241,11.9,3,5,5,Need Attention,job_e06ac3b9:27:633
21,14708,2023-01-27,338,28.5,197,11.86,3,5,4,Need Attention,job_e06ac3b9:21:14708
59,8277,2023-07-18,166,14.0,155,11.86,1,3,3,Average Purchaser,job_e06ac3b9:59:8277
46,14354,2023-02-26,308,26.0,468,11.85,1,4,4,High-Value At-Risk,job_e06ac3b9:46:14354
17,47141,2023-08-05,148,12.5,336,11.84,1,5,5,High-Value At-Risk,job_e06ac3b9:17:47141
2,41787,2023-07-07,177,15.0,230,11.8,5,4,4,Champion / Loyal,job_e06ac3b9:2:41787
36,14610,2023-01-11,354,30.0,229,11.8,2,5,4,High-Value At-Risk,job_e06ac3b9:36:14610
54,9210,2023-07-19,165,14.0,90,11.79,4,5,5,Champion / Loyal,job_e06ac3b9:54:9210
27,18288,2023-07-13,171,14.5,432,11.79,3,5,5,Need Attention,job_e06ac3b9:27:18288
52,13259,2023-07-19,165,14.0,113,11.79,3,5,4,Need Attention,job_e06ac3b9:52:13259
38,23909,2023-07-31,153,13.0,428,11.77,4,3,4,Average Purchaser,job_e06ac3b9:38:23909
36,15755,2022-12-08,388,33.0,198,11.76,2,5,4,High-Value At-Risk,job_e06ac3b9:36:15755
62,33847,2023-08-12,141,12.0,66,11.75,3,3,3,Need Attention,job_e06ac3b9:62:33847
2,16797,2023-05-22,223,19.0,432,11.74,5,4,4,Champion / Loyal,job_e06ac3b9:2:16797
33,36086,2023-08-24,129,11.0,211,11.73,1,1,2,Low-Value / Lost,job_e06ac3b9:33:36086
27,15429,2023-07-20,164,14.0,325,11.71,3,5,5,Need Attention,job_e06ac3b9:27:15429
23,3873,2023-09-05,117,10.0,417,11.7,1,1,2,Low-Value / Lost,job_e06ac3b9:23:3873
54,19724,2023-05-23,222,19.0,163,11.68,4,5,5,Champion / Loyal,job_e06ac3b9:54:19724
46,25670,2023-04-30,245,21.0,359,11.67,1,4,4,High-Value At-Risk,job_e06ac3b9:46:25670
28,3481,2023-07-09,175,15.0,446,11.67,3,5,4,Need Attention,job_e06ac3b9:28:3481
35,21940,2023-07-15,169,14.5,339,11.66,1,3,4,High-Value At-Risk,job_e06ac3b9:35:21940
37,30305,2023-04-19,256,22.0,148,11.64,4,4,4,Champion / Loyal,job_e06ac3b9:37:30305
55,48183,2023-08-25,128,11.0,128,11.64,3,2,3,Need Attention,job_e06ac3b9:55:48183
43,19691,2023-09-29,93,8.0,137,11.62,1,3,4,High-Value At-Risk,job_e06ac3b9:43:19691
29,3128,2023-09-29,93,8.0,175,11.62,3,4,4,Need Attention,job_e06ac3b9:29:3128
27,5322,2023-09-06,116,10.0,221,11.6,3,5,5,Need Attention,job_e06ac3b9:27:5322
3,15143,2023-07-10,174,15.0,460,11.6,3,3,3,Need Attention,job_e06ac3b9:3:15143
27,38656,2023-09-06,116,10.0,478,11.6,3,5,5,Need Attention,job_e06ac3b9:27:38656
27,17224,2023-09-06,116,10.0,414,11.6,3,5,5,Need Attention,job_e06ac3b9:27:17224
27,6069,2023-09-06,116,10.0,269,11.6,3,5,5,Need Attention,job_e06ac3b9:27:6069
54,43129,2023-02-27,307,26.5,157,11.58,4,5,5,Champion / Loyal,job_e06ac3b9:54:43129
63,44303,2023-05-02,243,21.0,142,11.57,3,5,5,Need Attention,job_e06ac3b9:63:44303
54,29256,2022-12-15,381,33.0,117,11.55,4,5,5,Champion / Loyal,job_e06ac3b9:54:29256
27,28752,2023-08-26,127,11.0,60,11.55,3,5,5,Need Attention,job_e06ac3b9:27:28752
27,16254,2023-09-07,115,10.0,339,11.5,3,5,5,Need Attention,job_e06ac3b9:27:16254
24,23423,2023-06-30,184,16.0,338,11.5,2,4,2,High-Value At-Risk,job_e06ac3b9:24:23423
1,14084,2023-05-15,230,20.0,301,11.5,2,3,2,Average Purchaser,job_e06ac3b9:1:14084
38,21938,2023-04-22,253,22.0,471,11.5,4,3,4,Average Purchaser,job_e06ac3b9:38:21938
55,39299,2023-09-07,115,10.0,243,11.5,3,2,3,Need Attention,job_e06ac3b9:55:39299
22,15984,2023-05-04,241,21.0,144,11.48,1,4,3,High-Value At-Risk,job_e06ac3b9:22:15984
17,812,2023-02-24,310,27.0,357,11.48,1,5,5,High-Value At-Risk,job_e06ac3b9:17:812
63,7228,2023-02-02,332,29.0,195,11.45,3,5,5,Need Attention,job_e06ac3b9:63:7228
63,9171,2023-02-02,332,29.0,109,11.45,3,5,5,Need Attention,job_e06ac3b9:63:9171
22,22115,2023-08-27,126,11.0,205,11.45,1,4,3,High-Value At-Risk,job_e06ac3b9:22:22115
63,24382,2023-02-02,332,29.0,250,11.45,3,5,5,Need Attention,job_e06ac3b9:63:24382
27,12162,2022-12-18,378,33.0,88,11.45,3,5,5,Need Attention,job_e06ac3b9:27:12162
43,36591,2023-08-27,126,11.0,279,11.45,1,3,4,High-Value At-Risk,job_e06ac3b9:43:36591
17,35419,2023-02-08,326,28.5,203,11.44,1,5,5,High-Value At-Risk,job_e06ac3b9:17:35419
44,23341,2023-08-16,137,12.0,330,11.42,2,1,2,Low-Value / Lost,job_e06ac3b9:44:23341
58,2151,2023-08-16,137,12.0,476,11.42,4,4,3,Average Purchaser,job_e06ac3b9:58:2151
38,14891,2023-06-20,194,17.0,268,11.41,4,3,4,Average Purchaser,job_e06ac3b9:38:14891
14,13159,2023-08-05,148,13.0,111,11.38,2,4,4,High-Value At-Risk,job_e06ac3b9:14:13159
63,39097,2023-03-10,296,26.0,369,11.38,3,5,5,Need Attention,job_e06ac3b9:63:39097
42,3919,2023-07-19,165,14.5,387,11.38,5,4,4,Champion / Loyal,job_e06ac3b9:42:3919
63,16349,2023-04-25,250,22.0,486,11.36,3,5,5,Need Attention,job_e06ac3b9:63:16349
50,27959,2023-04-26,249,22.0,311,11.32,5,5,5,Champion / Loyal,job_e06ac3b9:50:27959
14,44813,2023-02-17,317,28.0,55,11.32,2,4,4,High-Value At-Risk,job_e06ac3b9:14:44813
28,8076,2023-07-03,181,16.0,61,11.31,3,5,4,Need Attention,job_e06ac3b9:28:8076
21,36574,2023-09-09,113,10.0,363,11.3,3,5,4,Need Attention,job_e06ac3b9:21:36574
35,13587,2023-07-15,169,15.0,391,11.27,1,3,4,High-Value At-Risk,job_e06ac3b9:35:13587
63,42450,2023-04-05,270,24.0,287,11.25,3,5,5,Need Attention,job_e06ac3b9:63:42450
21,28199,2023-05-26,219,19.5,404,11.23,3,5,4,Need Attention,job_e06ac3b9:21:28199
35,10749,2023-04-28,247,22.0,448,11.23,1,3,4,High-Value At-Risk,job_e06ac3b9:35:10749
35,5025,2023-04-28,247,22.0,173,11.23,1,3,4,High-Value At-Risk,job_e06ac3b9:35:5025
63,25659,2023-06-01,213,19.0,279,11.21,3,5,5,Need Attention,job_e06ac3b9:63:25659
17,33560,2023-03-09,297,26.5,156,11.21,1,5,5,High-Value At-Risk,job_e06ac3b9:17:33560
54,48017,2023-03-09,297,26.5,404,11.21,4,5,5,Champion / Loyal,job_e06ac3b9:54:48017
46,12181,2023-01-29,336,30.0,477,11.2,1,4,4,High-Value At-Risk,job_e06ac3b9:46:12181
54,1063,2023-05-10,235,21.0,122,11.19,4,5,5,Champion / Loyal,job_e06ac3b9:54:1063
54,952,2023-05-10,235,21.0,109,11.19,4,5,5,Champion / Loyal,job_e06ac3b9:54:952
54,13304,2023-01-18,347,31.0,291,11.19,4,5,5,Champion / Loyal,job_e06ac3b9:54:13304
48,24830,2023-05-27,218,19.5,379,11.18,1,3,3,Average Purchaser,job_e06ac3b9:48:24830
58,27323,2023-08-30,123,11.0,354,11.18,4,4,3,Average Purchaser,job_e06ac3b9:58:27323
11,18465,2023-08-19,134,12.0,121,11.17,4,2,3,New / Promising,job_e06ac3b9:11:18465
60,432,2023-05-22,223,20.0,56,11.15,4,3,3,Average Purchaser,job_e06ac3b9:60:432
62,45223,2023-07-28,156,14.0,151,11.14,3,3,3,Need Attention,job_e06ac3b9:62:45223
37,13110,2023-07-28,156,14.0,166,11.14,4,4,4,Champion / Loyal,job_e06ac3b9:37:13110
21,9076,2023-06-25,189,17.0,294,11.12,3,5,4,Need Attention,job_e06ac3b9:21:9076
27,19503,2022-12-31,365,33.0,277,11.06,3,5,5,Need Attention,job_e06ac3b9:27:19503
36,22217,2023-05-13,232,21.0,189,11.05,2,5,4,High-Value At-Risk,job_e06ac3b9:36:22217
27,46049,2023-05-24,221,20.0,78,11.05,3,5,5,Need Attention,job_e06ac3b9:27:46049
28,4559,2023-02-25,309,28.0,162,11.04,3,5,4,Need Attention,job_e06ac3b9:28:4559
41,16262,2023-07-24,160,14.5,201,11.03,1,2,3,Average Purchaser,job_e06ac3b9:41:16262
54,3464,2023-05-03,242,22.0,110,11.0,4,5,5,Champion / Loyal,job_e06ac3b9:54:3464
63,21614,2023-03-10,296,27.0,179,10.96,3,5,5,Need Attention,job_e06ac3b9:63:21614
63,32052,2023-03-10,296,27.0,153,10.96,3,5,5,Need Attention,job_e06ac3b9:63:32052
63,31577,2023-03-10,296,27.0,458,10.96,3,5,5,Need Attention,job_e06ac3b9:63:31577
63,46107,2023-03-10,296,27.0,333,10.96,3,5,5,Need Attention,job_e06ac3b9:63:46107
21,18721,2023-05-26,219,20.0,221,10.95,3,5,4,Need Attention,job_e06ac3b9:21:18721
22,44968,2023-05-04,241,22.0,135,10.95,1,4,3,High-Value At-Risk,job_e06ac3b9:22:44968
16,49478,2023-07-20,164,15.0,499,10.93,2,2,3,Average Purchaser,job_e06ac3b9:16:49478
14,9774,2023-05-10,235,21.5,291,10.93,2,4,4,High-Value At-Risk,job_e06ac3b9:14:9774
16,30391,2023-07-20,164,15.0,192,10.93,2,2,3,Average Purchaser,job_e06ac3b9:16:30391
27,19008,2023-08-11,142,13.0,342,10.92,3,5,5,Need Attention,job_e06ac3b9:27:19008
12,21198,2023-08-22,131,12.0,121,10.92,3,2,3,Need Attention,job_e06ac3b9:12:21198
27,23323,2023-06-29,185,17.0,463,10.88,3,5,5,Need Attention,job_e06ac3b9:27:23323
17,47031,2023-02-24,310,28.5,275,10.88,1,5,5,High-Value At-Risk,job_e06ac3b9:17:47031
54,30290,2023-01-13,352,32.5,182,10.83,4,5,5,Champion / Loyal,job_e06ac3b9:54:30290
54,22475,2023-05-07,238,22.0,340,10.82,4,5,5,Champion / Loyal,job_e06ac3b9:54:22475
50,44814,2023-03-03,303,28.0,398,10.82,5,5,5,Champion / Loyal,job_e06ac3b9:50:44814
43,36897,2023-08-02,151,14.0,438,10.79,1,3,4,High-Value At-Risk,job_e06ac3b9:43:36897
21,26209,2023-03-26,280,26.0,314,10.77,3,5,4,Need Attention,job_e06ac3b9:21:26209
63,16797,2023-06-10,204,19.0,432,10.74,3,5,5,Need Attention,job_e06ac3b9:63:16797
29,36543,2023-09-04,118,11.0,288,10.73,3,4,4,Need Attention,job_e06ac3b9:29:36543
37,18027,2023-03-27,279,26.0,299,10.73,4,4,4,Champion / Loyal,job_e06ac3b9:37:18027
63,7485,2023-04-18,257,24.0,383,10.71,3,5,5,Need Attention,job_e06ac3b9:63:7485
2,23,2023-08-03,150,14.0,196,10.71,5,4,4,Champion / Loyal,job_e06ac3b9:2:23
17,7026,2023-09-15,107,10.0,127,10.7,1,5,5,High-Value At-Risk,job_e06ac3b9:17:7026
21,43814,2023-09-15,107,10.0,292,10.7,3,5,4,Need Attention,job_e06ac3b9:21:43814
50,34243,2023-05-10,235,22.0,219,10.68,5,5,5,Champion / Loyal,job_e06ac3b9:50:34243
54,4799,2023-03-07,299,28.0,82,10.68,4,5,5,Champion / Loyal,job_e06ac3b9:54:4799
28,25949,2023-05-21,224,21.0,352,10.67,3,5,4,Need Attention,job_e06ac3b9:28:25949
38,26738,2023-07-03,181,17.0,277,10.65,4,3,4,Average Purchaser,job_e06ac3b9:38:26738
63,41990,2023-06-01,213,20.0,415,10.65,3,5,5,Need Attention,job_e06ac3b9:63:41990
12,34216,2023-09-05,117,11.0,54,10.64,3,2,3,Need Attention,job_e06ac3b9:12:34216
17,5077,2023-03-30,276,26.0,323,10.62,1,5,5,High-Value At-Risk,job_e06ac3b9:17:5077
60,29672,2023-05-22,223,21.0,303,10.62,4,3,3,Average Purchaser,job_e06ac3b9:60:29672
54,15630,2023-03-09,297,28.0,287,10.61,4,5,5,Champion / Loyal,job_e06ac3b9:54:15630
27,11399,2023-09-16,106,10.0,333,10.6,3,5,5,Need Attention,job_e06ac3b9:27:11399
27,4952,2023-09-16,106,10.0,128,10.6,3,5,5,Need Attention,job_e06ac3b9:27:4952
27,22832,2023-09-16,106,10.0,361,10.6,3,5,5,Need Attention,job_e06ac3b9:27:22832
27,48453,2023-09-16,106,10.0,292,10.6,3,5,5,Need Attention,job_e06ac3b9:27:48453
27,22491,2023-09-16,106,10.0,469,10.6,3,5,5,Need Attention,job_e06ac3b9:27:22491
27,5487,2023-09-16,106,10.0,216,10.6,3,5,5,Need Attention,job_e06ac3b9:27:5487
27,49519,2023-09-16,106,10.0,372,10.6,3,5,5,Need Attention,job_e06ac3b9:27:49519
27,10339,2023-09-16,106,10.0,491,10.6,3,5,5,Need Attention,job_e06ac3b9:27:10339
54,27451,2023-05-23,222,21.0,232,10.57,4,5,5,Champion / Loyal,job_e06ac3b9:54:27451
54,38067,2023-05-23,222,21.0,395,10.57,4,5,5,Champion / Loyal,job_e06ac3b9:54:38067
54,6129,2023-05-23,222,21.0,141,10.57,4,5,5,Champion / Loyal,job_e06ac3b9:54:6129
63,10048,2023-03-10,296,28.0,487,10.57,3,5,5,Need Attention,job_e06ac3b9:63:10048
54,23537,2023-05-23,222,21.0,174,10.57,4,5,5,Champion / Loyal,job_e06ac3b9:54:23537
1,13176,2023-08-16,137,13.0,303,10.54,2,3,2,Average Purchaser,job_e06ac3b9:1:13176
2,5450,2023-08-11,142,13.5,459,10.52,5,4,4,Champion / Loyal,job_e06ac3b9:2:5450
37,46979,2023-02-19,315,30.0,450,10.5,4,4,4,Champion / Loyal,job_e06ac3b9:37:46979
21,49326,2023-06-25,189,18.0,117,10.5,3,5,4,Need Attention,job_e06ac3b9:21:49326
52,49083,2023-10-08,84,8.0,219,10.5,3,5,4,Need Attention,job_e06ac3b9:52:49083
56,18465,2023-08-27,126,12.0,121,10.5,2,3,4,High-Value At-Risk,job_e06ac3b9:56:18465
23,43719,2023-08-27,126,12.0,77,10.5,1,1,2,Low-Value / Lost,job_e06ac3b9:23:43719
42,23334,2023-05-25,220,21.0,206,10.48,5,4,4,Champion / Loyal,job_e06ac3b9:42:23334
42,48246,2023-05-25,220,21.0,499,10.48,5,4,4,Champion / Loyal,job_e06ac3b9:42:48246
17,43986,2023-06-15,199,19.0,224,10.47,1,5,5,High-Value At-Risk,job_e06ac3b9:17:43986
55,23996,2023-09-07,115,11.0,358,10.45,3,2,3,Need Attention,job_e06ac3b9:55:23996
46,2646,2023-08-12,141,13.5,450,10.44,1,4,4,High-Value At-Risk,job_e06ac3b9:46:2646
63,23695,2022-12-10,386,37.0,278,10.43,3,5,5,Need Attention,job_e06ac3b9:63:23695
48,23909,2023-08-18,135,13.0,428,10.38,1,3,3,Average Purchaser,job_e06ac3b9:48:23909
63,18027,2023-04-05,270,26.0,299,10.38,3,5,5,Need Attention,job_e06ac3b9:63:18027
48,18232,2023-05-27,218,21.0,201,10.38,1,3,3,Average Purchaser,job_e06ac3b9:48:18232
43,31846,2023-08-13,140,13.5,53,10.37,1,3,4,High-Value At-Risk,job_e06ac3b9:43:31846
28,49175,2023-03-16,290,28.0,419,10.36,3,5,4,Need Attention,job_e06ac3b9:28:49175
28,16137,2023-03-16,290,28.0,61,10.36,3,5,4,Need Attention,job_e06ac3b9:28:16137
42,30307,2023-07-08,176,17.0,497,10.35,5,4,4,Champion / Loyal,job_e06ac3b9:42:30307
40,23472,2023-08-03,150,14.5,333,10.34,2,3,3,Average Purchaser,job_e06ac3b9:40:23472
52,49235,2023-08-29,124,12.0,416,10.33,3,5,4,Need Attention,job_e06ac3b9:52:49235
54,24382,2023-03-07,299,29.0,250,10.31,4,5,5,Champion / Loyal,job_e06ac3b9:54:24382
14,30517,2023-07-09,175,17.0,383,10.29,2,4,4,High-Value At-Risk,job_e06ac3b9:14:30517
14,34229,2023-07-09,175,17.0,381,10.29,2,4,4,High-Value At-Risk,job_e06ac3b9:14:34229
28,32828,2023-08-09,144,14.0,59,10.29,3,5,4,Need Attention,job_e06ac3b9:28:32828
36,23517,2023-01-26,339,33.0,388,10.27,2,5,4,High-Value At-Risk,job_e06ac3b9:36:23517
24,44172,2023-07-30,154,15.0,432,10.27,2,4,2,High-Value At-Risk,job_e06ac3b9:24:44172
36,33535,2023-01-26,339,33.0,72,10.27,2,5,4,High-Value At-Risk,job_e06ac3b9:36:33535
21,17038,2023-01-27,338,33.0,130,10.24,3,5,4,Need Attention,job_e06ac3b9:21:17038
54,12250,2023-02-27,307,30.0,496,10.23,4,5,5,Champion / Loyal,job_e06ac3b9:54:12250
14,8670,2023-02-17,317,31.0,242,10.23,2,4,4,High-Value At-Risk,job_e06ac3b9:14:8670
46,22959,2023-06-10,204,20.0,252,10.2,1,4,4,High-Value At-Risk,job_e06ac3b9:46:22959
2,47144,2023-06-10,204,20.0,448,10.2,5,4,4,Champion / Loyal,job_e06ac3b9:2:47144
36,17072,2023-05-31,214,21.0,276,10.19,2,5,4,High-Value At-Risk,job_e06ac3b9:36:17072
54,26347,2023-05-31,214,21.0,351,10.19,4,5,5,Champion / Loyal,job_e06ac3b9:54:26347
23,23734,2023-09-10,112,11.0,430,10.18,1,1,2,Low-Value / Lost,job_e06ac3b9:23:23734
17,27629,2023-02-04,330,32.5,157,10.15,1,5,5,High-Value At-Risk,job_e06ac3b9:17:27629
27,33575,2023-06-11,203,20.0,370,10.15,3,5,5,Need Attention,job_e06ac3b9:27:33575
54,45535,2023-06-01,213,21.0,70,10.14,4,5,5,Champion / Loyal,job_e06ac3b9:54:45535
60,43768,2023-05-22,223,22.0,145,10.14,4,3,3,Average Purchaser,job_e06ac3b9:60:43768
59,13874,2023-06-01,213,21.0,275,10.14,1,3,3,Average Purchaser,job_e06ac3b9:59:13874
60,24184,2023-05-22,223,22.0,138,10.14,4,3,3,Average Purchaser,job_e06ac3b9:60:24184
60,21938,2023-05-22,223,22.0,471,10.14,4,3,3,Average Purchaser,job_e06ac3b9:60:21938
63,5322,2023-09-21,101,10.0,221,10.1,3,5,5,Need Attention,job_e06ac3b9:63:5322
32,17224,2023-09-21,101,10.0,414,10.1,4,2,4,New / Promising,job_e06ac3b9:32:17224
2,21150,2023-06-02,212,21.0,60,10.1,5,4,4,Champion / Loyal,job_e06ac3b9:2:21150
43,38154,2023-09-11,111,11.0,368,10.09,1,3,4,High-Value At-Risk,job_e06ac3b9:43:38154
43,22524,2023-09-11,111,11.0,429,10.09,1,3,4,High-Value At-Risk,job_e06ac3b9:43:22524
12,48835,2023-08-22,131,13.0,250,10.08,3,2,3,Need Attention,job_e06ac3b9:12:48835
23,47141,2023-08-27,126,12.5,336,10.08,1,1,2,Low-Value / Lost,job_e06ac3b9:23:47141
62,8277,2023-08-12,141,14.0,155,10.07,3,3,3,Need Attention,job_e06ac3b9:62:8277
63,2450,2023-02-02,332,33.0,311,10.06,3,5,5,Need Attention,job_e06ac3b9:63:2450
28,49236,2023-06-03,211,21.0,168,10.05,3,5,4,Need Attention,job_e06ac3b9:28:49236
28,31215,2023-06-03,211,21.0,360,10.05,3,5,4,Need Attention,job_e06ac3b9:28:31215
38,26133,2023-05-29,216,21.5,354,10.05,4,3,4,Average Purchaser,job_e06ac3b9:38:26133
17,18534,2023-10-12,80,8.0,482,10.0,1,5,5,High-Value At-Risk,job_e06ac3b9:17:18534
63,9154,2023-04-05,270,27.0,201,10.0,3,5,5,Need Attention,job_e06ac3b9:63:9154
37,21938,2023-05-25,220,22.0,471,10.0,4,4,4,Champion / Loyal,job_e06ac3b9:37:21938
14,49481,2023-04-10,265,26.5,465,10.0,2,4,4,High-Value At-Risk,job_e06ac3b9:14:49481
63,8479,2023-04-05,270,27.0,154,10.0,3,5,5,Need Attention,job_e06ac3b9:63:8479
54,28204,2023-07-04,180,18.0,187,10.0,4,5,5,Champion / Loyal,job_e06ac3b9:54:28204
57,6753,2023-10-12,80,8.0,354,10.0,1,4,3,High-Value At-Risk,job_e06ac3b9:57:6753
46,41164,2023-04-16,259,26.0,354,9.96,1,4,4,High-Value At-Risk,job_e06ac3b9:46:41164
35,9076,2023-07-15,169,17.0,294,9.94,1,3,4,High-Value At-Risk,job_e06ac3b9:35:9076
54,42585,2023-08-14,139,14.0,369,9.93,4,5,5,Champion / Loyal,job_e06ac3b9:54:42585
52,46149,2023-08-24,129,13.0,168,9.92,3,5,4,Need Attention,job_e06ac3b9:52:46149
31,25132,2023-09-03,119,12.0,73,9.92,4,4,5,Champion / Loyal,job_e06ac3b9:31:25132
33,49517,2023-08-24,129,13.0,152,9.92,1,1,2,Low-Value / Lost,job_e06ac3b9:33:49517
48,36695,2023-05-27,218,22.0,177,9.91,1,3,3,Average Purchaser,job_e06ac3b9:48:36695
46,39993,2023-05-27,218,22.0,398,9.91,1,4,4,High-Value At-Risk,job_e06ac3b9:46:39993
10,23165,2023-10-13,79,8.0,120,9.88,5,2,4,New / Promising,job_e06ac3b9:10:23165
54,38266,2023-05-03,242,24.5,456,9.88,4,5,5,Champion / Loyal,job_e06ac3b9:54:38266
56,36361,2023-10-23,69,7.0,253,9.86,2,3,4,High-Value At-Risk,job_e06ac3b9:56:36361
56,25513,2023-10-23,69,7.0,261,9.86,2,3,4,High-Value At-Risk,job_e06ac3b9:56:25513
56,29126,2023-10-23,69,7.0,358,9.86,2,3,4,High-Value At-Risk,job_e06ac3b9:56:29126
58,41406,2023-08-15,138,14.0,151,9.86,4,4,3,Average Purchaser,job_e06ac3b9:58:41406
26,45650,2023-08-15,138,14.0,411,9.86,5,3,2,Average Purchaser,job_e06ac3b9:26:45650
36,31342,2023-08-15,138,14.0,178,9.86,2,5,4,High-Value At-Risk,job_e06ac3b9:36:31342
60,35951,2023-06-17,197,20.0,282,9.85,4,3,3,Average Purchaser,job_e06ac3b9:60:35951
14,48190,2023-04-10,265,27.0,395,9.81,2,4,4,High-Value At-Risk,job_e06ac3b9:14:48190
49,31040,2023-06-18,196,20.0,495,9.8,1,3,2,Average Purchaser,job_e06ac3b9:49:31040
21,48988,2023-09-24,98,10.0,399,9.8,3,5,4,Need Attention,job_e06ac3b9:21:48988
57,28312,2023-08-16,137,14.0,200,9.79,1,4,3,High-Value At-Risk,job_e06ac3b9:57:28312
14,17923,2023-06-09,205,21.0,207,9.76,2,4,4,High-Value At-Risk,job_e06ac3b9:14:17923
49,44359,2023-09-05,117,12.0,452,9.75,1,3,2,Average Purchaser,job_e06ac3b9:49:44359
63,38508,2023-06-19,195,20.0,60,9.75,3,5,5,Need Attention,job_e06ac3b9:63:38508
62,48647,2023-08-12,141,14.5,140,9.72,3,3,3,Need Attention,job_e06ac3b9:62:48647
21,24852,2023-07-14,170,17.5,437,9.71,3,5,4,Need Attention,job_e06ac3b9:21:24852
38,18908,2023-06-20,194,20.0,211,9.7,4,3,4,Average Purchaser,job_e06ac3b9:38:18908
43,23909,2023-08-27,126,13.0,428,9.69,1,3,4,High-Value At-Risk,job_e06ac3b9:43:23909
54,29487,2023-06-01,213,22.0,62,9.68,4,5,5,Champion / Loyal,job_e06ac3b9:54:29487
27,27735,2023-06-11,203,21.0,311,9.67,3,5,5,Need Attention,job_e06ac3b9:27:27735
63,22963,2023-04-05,270,28.0,167,9.64,3,5,5,Need Attention,job_e06ac3b9:63:22963
63,36735,2023-04-05,270,28.0,61,9.64,3,5,5,Need Attention,job_e06ac3b9:63:36735
38,10814,2023-05-29,216,22.5,129,9.6,4,3,4,Average Purchaser,job_e06ac3b9:38:10814
28,25588,2023-08-09,144,15.0,382,9.6,3,5,4,Need Attention,job_e06ac3b9:28:25588
28,36135,2023-09-07,115,12.0,150,9.58,3,5,4,Need Attention,job_e06ac3b9:28:36135
28,3672,2023-09-07,115,12.0,298,9.58,3,5,4,Need Attention,job_e06ac3b9:28:3672
31,41131,2023-09-12,110,11.5,151,9.57,4,4,5,Champion / Loyal,job_e06ac3b9:31:41131
63,16973,2023-04-07,268,28.0,419,9.57,3,5,5,Need Attention,job_e06ac3b9:63:16973
31,31081,2023-09-12,110,11.5,137,9.57,4,4,5,Champion / Loyal,job_e06ac3b9:31:31081
31,28155,2023-09-12,110,11.5,476,9.57,4,4,5,Champion / Loyal,job_e06ac3b9:31:28155
31,23009,2023-09-12,110,11.5,447,9.57,4,4,5,Champion / Loyal,job_e06ac3b9:31:23009
21,23729,2023-10-06,86,9.0,99,9.56,3,5,4,Need Attention,job_e06ac3b9:21:23729
37,8239,2023-05-06,239,25.0,449,9.56,4,4,4,Champion / Loyal,job_e06ac3b9:37:8239
37,18891,2023-05-06,239,25.0,259,9.56,4,4,4,Champion / Loyal,job_e06ac3b9:37:18891
31,37084,2023-09-17,105,11.0,230,9.55,4,4,5,Champion / Loyal,job_e06ac3b9:31:37084
35,19677,2023-06-23,191,20.0,454,9.55,1,3,4,High-Value At-Risk,job_e06ac3b9:35:19677
31,18752,2023-09-17,105,11.0,483,9.55,4,4,5,Champion / Loyal,job_e06ac3b9:31:18752
62,28289,2023-06-28,186,19.5,243,9.54,3,3,3,Need Attention,job_e06ac3b9:62:28289
14,4497,2023-06-09,205,21.5,230,9.53,2,4,4,High-Value At-Risk,job_e06ac3b9:14:4497
14,37725,2023-06-09,205,21.5,210,9.53,2,4,4,High-Value At-Risk,job_e06ac3b9:14:37725
48,11046,2023-07-22,162,17.0,207,9.53,1,3,3,Average Purchaser,job_e06ac3b9:48:11046
27,43340,2023-07-22,162,17.0,270,9.53,3,5,5,Need Attention,job_e06ac3b9:27:43340
54,32578,2023-06-14,200,21.0,410,9.52,4,5,5,Champion / Loyal,job_e06ac3b9:54:32578
31,36691,2023-09-27,95,10.0,82,9.5,4,4,5,Champion / Loyal,job_e06ac3b9:31:36691
31,48988,2023-09-27,95,10.0,399,9.5,4,4,5,Champion / Loyal,job_e06ac3b9:31:48988
35,39097,2023-04-28,247,26.0,369,9.5,1,3,4,High-Value At-Risk,job_e06ac3b9:35:39097
27,5876,2022-12-22,374,39.5,223,9.47,3,5,5,Need Attention,job_e06ac3b9:27:5876
24,6184,2023-10-21,71,7.5,457,9.47,2,4,2,High-Value At-Risk,job_e06ac3b9:24:6184
14,30295,2023-04-10,265,28.0,306,9.46,2,4,4,High-Value At-Risk,job_e06ac3b9:14:30295
7,21298,2023-09-09,113,12.0,90,9.42,1,4,4,High-Value At-Risk,job_e06ac3b9:7:21298
54,29007,2023-07-05,179,19.0,304,9.42,4,5,5,Champion / Loyal,job_e06ac3b9:54:29007
50,48775,2023-06-07,207,22.0,376,9.41,5,5,5,Champion / Loyal,job_e06ac3b9:50:48775
52,41400,2023-09-28,94,10.0,346,9.4,3,5,4,Need Attention,job_e06ac3b9:52:41400
46,39408,2023-08-12,141,15.0,74,9.4,1,4,4,High-Value At-Risk,job_e06ac3b9:46:39408
46,40910,2023-08-12,141,15.0,284,9.4,1,4,4,High-Value At-Risk,job_e06ac3b9:46:40910
62,47209,2023-08-12,141,15.0,180,9.4,3,3,3,Need Attention,job_e06ac3b9:62:47209
63,6543,2023-04-12,263,28.0,52,9.39,3,5,5,Need Attention,job_e06ac3b9:63:6543
63,22658,2023-04-12,263,28.0,134,9.39,3,5,5,Need Attention,job_e06ac3b9:63:22658
28,31717,2023-05-15,230,24.5,377,9.39,3,5,4,Need Attention,job_e06ac3b9:28:31717
63,14129,2023-06-17,197,21.0,127,9.38,3,5,5,Need Attention,job_e06ac3b9:63:14129
12,11845,2023-08-22,131,14.0,299,9.36,3,2,3,Need Attention,job_e06ac3b9:12:11845
3,16965,2023-09-10,112,12.0,272,9.33,3,3,3,Need Attention,job_e06ac3b9:3:16965
43,12870,2023-08-13,140,15.0,108,9.33,1,3,4,High-Value At-Risk,job_e06ac3b9:43:12870
22,5450,2023-08-27,126,13.5,459,9.33,1,4,3,High-Value At-Risk,job_e06ac3b9:22:5450
22,41950,2023-08-27,126,13.5,369,9.33,1,4,3,High-Value At-Risk,job_e06ac3b9:22:41950
27,11195,2023-09-29,93,10.0,397,9.3,3,5,5,Need Attention,job_e06ac3b9:27:11195
27,1998,2023-09-29,93,10.0,469,9.3,3,5,5,Need Attention,job_e06ac3b9:27:1998
14,11703,2023-04-10,265,28.5,415,9.3,2,4,4,High-Value At-Risk,job_e06ac3b9:14:11703
27,48870,2023-09-29,93,10.0,112,9.3,3,5,5,Need Attention,job_e06ac3b9:27:48870
27,30567,2023-09-29,93,10.0,310,9.3,3,5,5,Need Attention,job_e06ac3b9:27:30567
27,30334,2023-09-29,93,10.0,261,9.3,3,5,5,Need Attention,job_e06ac3b9:27:30334
54,44142,2023-06-14,200,21.5,291,9.3,4,5,5,Champion / Loyal,job_e06ac3b9:54:44142
40,11777,2023-08-23,130,14.0,181,9.29,2,3,3,Average Purchaser,job_e06ac3b9:40:11777
41,8277,2023-08-23,130,14.0,155,9.29,1,2,3,Average Purchaser,job_e06ac3b9:41:8277
2,8138,2023-05-22,223,24.0,357,9.29,5,4,4,Champion / Loyal,job_e06ac3b9:2:8138
41,25890,2023-08-23,130,14.0,288,9.29,1,2,3,Average Purchaser,job_e06ac3b9:41:25890
63,2205,2023-06-19,195,21.0,148,9.29,3,5,5,Need Attention,job_e06ac3b9:63:2205
27,16797,2023-07-08,176,19.0,432,9.26,3,5,5,Need Attention,job_e06ac3b9:27:16797
9,5002,2023-09-30,92,10.0,466,9.2,3,1,3,Need Attention,job_e06ac3b9:9:5002
48,34137,2023-09-30,92,10.0,462,9.2,1,3,3,Average Purchaser,job_e06ac3b9:48:34137
17,38618,2023-07-23,161,17.5,144,9.2,1,5,5,High-Value At-Risk,job_e06ac3b9:17:38618
48,33002,2023-09-30,92,10.0,72,9.2,1,3,3,Average Purchaser,job_e06ac3b9:48:33002
48,11453,2023-09-30,92,10.0,207,9.2,1,3,3,Average Purchaser,job_e06ac3b9:48:11453
62,1158,2023-07-28,156,17.0,435,9.18,3,3,3,Need Attention,job_e06ac3b9:62:1158
52,7987,2023-05-16,229,25.0,211,9.16,3,5,4,Need Attention,job_e06ac3b9:52:7987
35,44201,2023-04-28,247,27.0,323,9.15,1,3,4,High-Value At-Risk,job_e06ac3b9:35:44201
54,49683,2023-05-07,238,26.0,193,9.15,4,5,5,Champion / Loyal,job_e06ac3b9:54:49683
52,46061,2023-08-16,137,15.0,132,9.13,3,5,4,Need Attention,job_e06ac3b9:52:46061
58,11398,2023-08-16,137,15.0,378,9.13,4,4,3,Average Purchaser,job_e06ac3b9:58:11398
1,17122,2023-08-16,137,15.0,162,9.13,2,3,2,Average Purchaser,job_e06ac3b9:1:17122
52,49243,2023-08-16,137,15.0,377,9.13,3,5,4,Need Attention,job_e06ac3b9:52:49243
1,41787,2023-08-16,137,15.0,230,9.13,2,3,2,Average Purchaser,job_e06ac3b9:1:41787
1,10326,2023-08-16,137,15.0,196,9.13,2,3,2,Average Purchaser,job_e06ac3b9:1:10326
26,8758,2023-07-29,155,17.0,476,9.12,5,3,2,Average Purchaser,job_e06ac3b9:26:8758
11,18987,2023-08-07,146,16.0,249,9.12,4,2,3,New / Promising,job_e06ac3b9:11:18987
38,27086,2023-10-10,82,9.0,288,9.11,4,3,4,Average Purchaser,job_e06ac3b9:38:27086
12,28342,2023-10-01,91,10.0,425,9.1,3,2,3,Need Attention,job_e06ac3b9:12:28342
2,9681,2023-06-23,191,21.0,401,9.1,5,4,4,Champion / Loyal,job_e06ac3b9:2:9681
2,24954,2023-06-23,191,21.0,446,9.1,5,4,4,Champion / Loyal,job_e06ac3b9:2:24954
35,47280,2023-06-23,191,21.0,215,9.1,1,3,4,High-Value At-Risk,job_e06ac3b9:35:47280
55,25584,2023-09-22,100,11.0,132,9.09,3,2,3,Need Attention,job_e06ac3b9:55:25584
27,27117,2023-08-26,127,14.0,488,9.07,3,5,5,Need Attention,job_e06ac3b9:27:27117
24,46061,2023-08-17,136,15.0,132,9.07,2,4,2,High-Value At-Risk,job_e06ac3b9:24:46061
54,15261,2023-05-23,222,24.5,64,9.06,4,5,5,Champion / Loyal,job_e06ac3b9:54:15261
63,11512,2023-06-24,190,21.0,270,9.05,3,5,5,Need Attention,job_e06ac3b9:63:11512
14,14875,2023-05-10,235,26.0,125,9.04,2,4,4,High-Value At-Risk,job_e06ac3b9:14:14875
42,28199,2023-07-08,176,19.5,404,9.03,5,4,4,Champion / Loyal,job_e06ac3b9:42:28199
54,18849,2023-03-09,297,33.0,70,9.0,4,5,5,Champion / Loyal,job_e06ac3b9:54:18849
41,12276,2023-09-14,108,12.0,215,9.0,1,2,3,Average Purchaser,job_e06ac3b9:41:12276
43,25132,2023-09-14,108,12.0,73,9.0,1,3,4,High-Value At-Risk,job_e06ac3b9:43:25132
41,16965,2023-09-14,108,12.0,272,9.0,1,2,3,Average Purchaser,job_e06ac3b9:41:16965
58,23734,2023-09-23,99,11.0,430,9.0,4,4,3,Average Purchaser,job_e06ac3b9:58:23734
37,31727,2023-03-27,279,31.0,403,9.0,4,4,4,Champion / Loyal,job_e06ac3b9:37:31727
54,4796,2023-06-16,198,22.0,289,9.0,4,5,5,Champion / Loyal,job_e06ac3b9:54:4796
43,33780,2023-09-14,108,12.0,436,9.0,1,3,4,High-Value At-Risk,job_e06ac3b9:43:33780
55,43352,2023-10-20,72,8.0,462,9.0,3,2,3,Need Attention,job_e06ac3b9:55:43352
27,29328,2023-07-09,175,19.5,229,8.97,3,5,5,Need Attention,job_e06ac3b9:27:29328
63,41618,2023-03-10,296,33.0,433,8.97,3,5,5,Need Attention,job_e06ac3b9:63:41618
27,42265,2023-07-09,175,19.5,161,8.97,3,5,5,Need Attention,job_e06ac3b9:27:42265
10,39877,2023-10-25,67,7.5,486,8.93,5,2,4,New / Promising,job_e06ac3b9:10:39877
3,39922,2023-07-10,174,19.5,127,8.92,3,3,3,Need Attention,job_e06ac3b9:3:39922
17,29589,2023-09-15,107,12.0,158,8.92,1,5,5,High-Value At-Risk,job_e06ac3b9:17:29589
50,39190,2023-09-24,98,11.0,468,8.91,5,5,5,Champion / Loyal,job_e06ac3b9:50:39190
33,35458,2023-08-24,129,14.5,374,8.9,1,1,2,Low-Value / Lost,job_e06ac3b9:33:35458
27,24236,2023-07-15,169,19.0,371,8.89,3,5,5,Need Attention,job_e06ac3b9:27:24236
32,33754,2023-10-12,80,9.0,381,8.89,4,2,4,New / Promising,job_e06ac3b9:32:33754
39,23291,2023-10-21,71,8.0,344,8.88,5,2,4,New / Promising,job_e06ac3b9:39:23291
54,8239,2023-05-23,222,25.0,449,8.88,4,5,5,Champion / Loyal,job_e06ac3b9:54:8239
14,40478,2023-05-10,235,26.5,356,8.87,2,4,4,High-Value At-Risk,job_e06ac3b9:14:40478
27,19548,2023-05-24,221,25.0,404,8.84,3,5,5,Need Attention,job_e06ac3b9:27:19548
2,49451,2023-06-02,212,24.0,362,8.83,5,4,4,Champion / Loyal,job_e06ac3b9:2:49451
38,5025,2023-06-20,194,22.0,173,8.82,4,3,4,Average Purchaser,job_e06ac3b9:38:5025
35,22963,2023-04-28,247,28.0,167,8.82,1,3,4,High-Value At-Risk,job_e06ac3b9:35:22963
35,5337,2023-04-28,247,28.0,216,8.82,1,3,4,High-Value At-Risk,job_e06ac3b9:35:5337
40,46425,2023-08-03,150,17.0,482,8.82,2,3,3,Average Purchaser,job_e06ac3b9:40:46425
42,44008,2023-06-29,185,21.0,371,8.81,5,4,4,Champion / Loyal,job_e06ac3b9:42:44008
27,44932,2023-06-29,185,21.0,317,8.81,3,5,5,Need Attention,job_e06ac3b9:27:44932
20,6184,2023-10-26,66,7.5,457,8.8,3,1,1,Average Purchaser,job_e06ac3b9:20:6184
37,1360,2023-05-25,220,25.0,299,8.8,4,4,4,Champion / Loyal,job_e06ac3b9:37:1360
46,23801,2022-12-09,387,44.0,389,8.8,1,4,4,High-Value At-Risk,job_e06ac3b9:46:23801
41,12099,2023-06-30,184,21.0,203,8.76,1,2,3,Average Purchaser,job_e06ac3b9:41:12099
49,14901,2023-07-18,166,19.0,438,8.74,1,3,2,Average Purchaser,job_e06ac3b9:49:14901
28,27156,2023-05-01,244,28.0,334,8.71,3,5,4,Need Attention,job_e06ac3b9:28:27156
54,40706,2023-06-14,200,23.0,473,8.7,4,5,5,Champion / Loyal,job_e06ac3b9:54:40706
54,1025,2023-06-01,213,24.5,478,8.69,4,5,5,Champion / Loyal,job_e06ac3b9:54:1025
7,13176,2023-09-09,113,13.0,303,8.69,1,4,4,High-Value At-Risk,job_e06ac3b9:7:13176
42,23909,2023-09-09,113,13.0,428,8.69,5,4,4,Champion / Loyal,job_e06ac3b9:42:23909
35,34969,2023-06-23,191,22.0,445,8.68,1,3,4,High-Value At-Risk,job_e06ac3b9:35:34969
63,14717,2023-05-02,243,28.0,79,8.68,3,5,5,Need Attention,job_e06ac3b9:63:14717
2,27966,2023-06-23,191,22.0,221,8.68,5,4,4,Champion / Loyal,job_e06ac3b9:2:27966
3,248,2023-07-19,165,19.0,297,8.68,3,3,3,Need Attention,job_e06ac3b9:3:248
35,6873,2023-06-23,191,22.0,495,8.68,1,3,4,High-Value At-Risk,job_e06ac3b9:35:6873
63,42294,2023-05-02,243,28.0,53,8.68,3,5,5,Need Attention,job_e06ac3b9:63:42294
62,20649,2023-07-28,156,18.0,96,8.67,3,3,3,Need Attention,job_e06ac3b9:62:20649
63,43086,2023-07-28,156,18.0,396,8.67,3,5,5,Need Attention,job_e06ac3b9:63:43086
35,47766,2023-08-19,134,15.5,124,8.65,1,3,4,High-Value At-Risk,job_e06ac3b9:35:47766
21,45636,2023-09-01,121,14.0,91,8.64,3,5,4,Need Attention,job_e06ac3b9:21:45636
56,2966,2023-10-23,69,8.0,205,8.62,2,3,4,High-Value At-Risk,job_e06ac3b9:56:2966
28,22451,2023-07-03,181,21.0,297,8.62,3,5,4,Need Attention,job_e06ac3b9:28:22451
57,13176,2023-09-10,112,13.0,303,8.62,1,4,3,High-Value At-Risk,job_e06ac3b9:57:13176
21,11662,2023-06-25,189,22.0,201,8.59,3,5,4,Need Attention,job_e06ac3b9:21:11662
60,41750,2023-05-22,223,26.0,245,8.58,4,3,3,Average Purchaser,job_e06ac3b9:60:41750
54,5769,2023-07-04,180,21.0,228,8.57,4,5,5,Champion / Loyal,job_e06ac3b9:54:5769
11,42585,2023-09-02,120,14.0,369,8.57,4,2,3,New / Promising,job_e06ac3b9:11:42585
11,35640,2023-09-02,120,14.0,193,8.57,4,2,3,New / Promising,job_e06ac3b9:11:35640
36,29298,2023-05-31,214,25.0,493,8.56,2,5,4,High-Value At-Risk,job_e06ac3b9:36:29298
27,23645,2023-07-13,171,20.0,89,8.55,3,5,5,Need Attention,job_e06ac3b9:27:23645
27,44548,2023-07-13,171,20.0,273,8.55,3,5,5,Need Attention,job_e06ac3b9:27:44548
27,24476,2023-07-13,171,20.0,369,8.55,3,5,5,Need Attention,job_e06ac3b9:27:24476
46,6934,2023-05-06,239,28.0,419,8.54,1,4,4,High-Value At-Risk,job_e06ac3b9:46:6934
46,16797,2023-07-22,162,19.0,432,8.53,1,4,4,High-Value At-Risk,job_e06ac3b9:46:16797
49,36180,2023-04-19,256,30.0,442,8.53,1,3,2,Average Purchaser,job_e06ac3b9:49:36180
27,47209,2023-08-25,128,15.0,180,8.53,3,5,5,Need Attention,job_e06ac3b9:27:47209
59,34684,2023-06-01,213,25.0,115,8.52,1,3,3,Average Purchaser,job_e06ac3b9:59:34684
21,7963,2023-07-14,170,20.0,272,8.5,3,5,4,Need Attention,job_e06ac3b9:21:7963
35,16290,2023-05-24,221,26.0,250,8.5,1,3,4,High-Value At-Risk,job_e06ac3b9:35:16290
54,7461,2023-05-07,238,28.0,149,8.5,4,5,5,Champion / Loyal,job_e06ac3b9:54:7461
54,16185,2023-05-07,238,28.0,356,8.5,4,5,5,Champion / Loyal,job_e06ac3b9:54:16185
50,5612,2023-10-24,68,8.0,342,8.5,5,5,5,Champion / Loyal,job_e06ac3b9:50:5612
17,45190,2023-05-03,242,28.5,275,8.49,1,5,5,High-Value At-Risk,job_e06ac3b9:17:45190
37,36606,2023-05-25,220,26.0,193,8.46,4,4,4,Champion / Loyal,job_e06ac3b9:37:36606
35,45104,2023-07-15,169,20.0,386,8.45,1,3,4,High-Value At-Risk,job_e06ac3b9:35:45104
27,43858,2023-07-15,169,20.0,199,8.45,3,5,5,Need Attention,job_e06ac3b9:27:43858
21,45603,2023-08-01,152,18.0,332,8.44,3,5,4,Need Attention,job_e06ac3b9:21:45603
64,49052,2023-09-04,118,14.0,493,8.43,5,3,4,Average Purchaser,job_e06ac3b9:64:49052
64,21475,2023-09-04,118,14.0,342,8.43,5,3,4,Average Purchaser,job_e06ac3b9:64:21475
50,9666,2023-05-26,219,26.0,152,8.42,5,5,5,Champion / Loyal,job_e06ac3b9:50:9666
54,7620,2023-03-28,278,33.0,146,8.42,4,5,5,Champion / Loyal,job_e06ac3b9:54:7620
43,47145,2023-07-20,164,19.5,126,8.41,1,3,4,High-Value At-Risk,job_e06ac3b9:43:47145
21,15902,2023-08-27,126,15.0,213,8.4,3,5,4,Need Attention,job_e06ac3b9:21:15902
36,42110,2023-03-04,302,36.0,194,8.39,2,5,4,High-Value At-Risk,job_e06ac3b9:36:42110
14,44212,2023-05-10,235,28.0,343,8.39,2,4,4,High-Value At-Risk,job_e06ac3b9:14:44212
41,47766,2023-08-23,130,15.5,124,8.39,1,2,3,Average Purchaser,job_e06ac3b9:41:47766
14,12358,2023-05-10,235,28.0,81,8.39,2,4,4,High-Value At-Risk,job_e06ac3b9:14:12358
42,36315,2023-07-08,176,21.0,336,8.38,5,4,4,Champion / Loyal,job_e06ac3b9:42:36315
42,4516,2023-07-08,176,21.0,395,8.38,5,4,4,Champion / Loyal,job_e06ac3b9:42:4516
42,23405,2023-07-08,176,21.0,60,8.38,5,4,4,Champion / Loyal,job_e06ac3b9:42:23405
42,35607,2023-07-08,176,21.0,442,8.38,5,4,4,Champion / Loyal,job_e06ac3b9:42:35607
42,41591,2023-07-08,176,21.0,208,8.38,5,4,4,Champion / Loyal,job_e06ac3b9:42:41591
42,45221,2023-07-08,176,21.0,202,8.38,5,4,4,Champion / Loyal,job_e06ac3b9:42:45221
42,48535,2023-07-08,176,21.0,328,8.38,5,4,4,Champion / Loyal,job_e06ac3b9:42:48535
10,43352,2023-10-25,67,8.0,462,8.38,5,2,4,New / Promising,job_e06ac3b9:10:43352
63,27744,2023-09-09,113,13.5,201,8.37,3,5,5,Need Attention,job_e06ac3b9:63:27744
61,38154,2023-09-30,92,11.0,368,8.36,5,1,3,New / Promising,job_e06ac3b9:61:38154
41,27966,2023-06-30,184,22.0,221,8.36,1,2,3,Average Purchaser,job_e06ac3b9:41:27966
41,6218,2023-06-30,184,22.0,190,8.36,1,2,3,Average Purchaser,job_e06ac3b9:41:6218
48,19508,2023-09-30,92,11.0,90,8.36,1,3,3,Average Purchaser,job_e06ac3b9:48:19508
54,34128,2023-06-14,200,24.0,446,8.33,4,5,5,Champion / Loyal,job_e06ac3b9:54:34128
27,28156,2023-07-09,175,21.0,388,8.33,3,5,5,Need Attention,job_e06ac3b9:27:28156
14,40330,2023-07-09,175,21.0,256,8.33,2,4,4,High-Value At-Risk,job_e06ac3b9:14:40330
10,22825,2023-10-13,79,9.5,174,8.32,5,2,4,New / Promising,job_e06ac3b9:10:22825
48,5605,2023-05-12,233,28.0,300,8.32,1,3,3,Average Purchaser,job_e06ac3b9:48:5605
43,46480,2023-09-14,108,13.0,397,8.31,1,3,4,High-Value At-Risk,job_e06ac3b9:43:46480
52,41787,2023-08-29,124,15.0,230,8.27,3,5,4,Need Attention,job_e06ac3b9:52:41787
52,17122,2023-08-29,124,15.0,162,8.27,3,5,4,Need Attention,job_e06ac3b9:52:17122
36,26313,2023-04-27,248,30.0,248,8.27,2,5,4,High-Value At-Risk,job_e06ac3b9:36:26313
2,8479,2023-05-22,223,27.0,154,8.26,5,4,4,Champion / Loyal,job_e06ac3b9:2:8479
60,44201,2023-05-22,223,27.0,323,8.26,4,3,3,Average Purchaser,job_e06ac3b9:60:44201
20,9387,2023-10-26,66,8.0,463,8.25,3,1,1,Average Purchaser,job_e06ac3b9:20:9387
27,3765,2023-07-19,165,20.0,379,8.25,3,5,5,Need Attention,job_e06ac3b9:27:3765
14,10549,2023-08-05,148,18.0,240,8.22,2,4,4,High-Value At-Risk,job_e06ac3b9:14:10549
16,41950,2023-09-11,111,13.5,369,8.22,2,2,3,Average Purchaser,job_e06ac3b9:16:41950
7,17638,2023-10-18,74,9.0,247,8.22,1,4,4,High-Value At-Risk,job_e06ac3b9:7:17638
28,23032,2023-04-04,271,33.0,298,8.21,3,5,4,Need Attention,job_e06ac3b9:28:23032
62,47630,2023-08-30,123,15.0,272,8.2,3,3,3,Need Attention,job_e06ac3b9:62:47630
16,10017,2023-07-20,164,20.0,188,8.2,2,2,3,Average Purchaser,job_e06ac3b9:16:10017
42,18337,2023-07-08,176,21.5,230,8.19,5,4,4,Champion / Loyal,job_e06ac3b9:42:18337
31,16221,2023-10-02,90,11.0,51,8.18,4,4,5,Champion / Loyal,job_e06ac3b9:31:16221
31,11281,2023-10-02,90,11.0,137,8.18,4,4,5,Champion / Loyal,job_e06ac3b9:31:11281
31,33322,2023-10-02,90,11.0,347,8.18,4,4,5,Champion / Loyal,job_e06ac3b9:31:33322
54,5025,2023-07-04,180,22.0,173,8.18,4,5,5,Champion / Loyal,job_e06ac3b9:54:5025
63,47734,2023-07-04,180,22.0,315,8.18,3,5,5,Need Attention,job_e06ac3b9:63:47734
63,48775,2023-07-04,180,22.0,376,8.18,3,5,5,Need Attention,job_e06ac3b9:63:48775
27,16768,2023-07-21,163,20.0,351,8.15,3,5,5,Need Attention,job_e06ac3b9:27:16768
63,30391,2023-08-31,122,15.0,192,8.13,3,5,5,Need Attention,job_e06ac3b9:63:30391
35,46802,2023-08-15,138,17.0,452,8.12,1,3,4,High-Value At-Risk,job_e06ac3b9:35:46802
32,40571,2023-10-11,81,10.0,467,8.1,4,2,4,New / Promising,job_e06ac3b9:32:40571
30,23288,2023-10-11,81,10.0,335,8.1,1,3,1,Average Purchaser,job_e06ac3b9:30:23288
29,28862,2023-07-14,170,21.0,372,8.1,3,4,4,Need Attention,job_e06ac3b9:29:28862
36,42445,2023-06-28,186,23.0,258,8.09,2,5,4,High-Value At-Risk,job_e06ac3b9:36:42445
62,21137,2023-09-17,105,13.0,113,8.08,3,3,3,Need Attention,job_e06ac3b9:62:21137
7,46969,2023-09-09,113,14.0,115,8.07,1,4,4,High-Value At-Risk,job_e06ac3b9:7:46969
21,6348,2023-09-09,113,14.0,57,8.07,3,5,4,Need Attention,job_e06ac3b9:21:6348
7,22742,2023-09-09,113,14.0,457,8.07,1,4,4,High-Value At-Risk,job_e06ac3b9:7:22742
35,34126,2023-07-15,169,21.0,78,8.05,1,3,4,High-Value At-Risk,job_e06ac3b9:35:34126
28,8025,2023-07-03,181,22.5,428,8.04,3,5,4,Need Attention,job_e06ac3b9:28:8025
38,32839,2023-07-03,181,22.5,264,8.04,4,3,4,Average Purchaser,job_e06ac3b9:38:32839
14,46454,2023-04-10,265,33.0,56,8.03,2,4,4,High-Value At-Risk,job_e06ac3b9:14:46454
57,23288,2023-10-12,80,10.0,335,8.0,1,4,3,High-Value At-Risk,job_e06ac3b9:57:23288
11,38456,2023-09-02,120,15.0,235,8.0,4,2,3,New / Promising,job_e06ac3b9:11:38456
63,44491,2023-05-13,232,29.0,304,8.0,3,5,5,Need Attention,job_e06ac3b9:63:44491
21,25513,2023-11-05,56,7.0,261,8.0,3,5,4,Need Attention,job_e06ac3b9:21:25513
35,21137,2023-09-18,104,13.0,113,8.0,1,3,4,High-Value At-Risk,job_e06ac3b9:35:21137
54,25256,2023-09-18,104,13.0,97,8.0,4,5,5,Champion / Loyal,job_e06ac3b9:54:25256
2,33276,2023-06-23,191,24.0,155,7.96,5,4,4,Champion / Loyal,job_e06ac3b9:2:33276
60,45224,2023-05-22,223,28.0,498,7.96,4,3,3,Average Purchaser,job_e06ac3b9:60:45224
60,22963,2023-05-22,223,28.0,167,7.96,4,3,3,Average Purchaser,job_e06ac3b9:60:22963
60,16004,2023-05-22,223,28.0,149,7.96,4,3,3,Average Purchaser,job_e06ac3b9:60:16004
14,12496,2023-07-09,175,22.0,417,7.95,2,4,4,High-Value At-Risk,job_e06ac3b9:14:12496
54,28330,2023-05-23,222,28.0,349,7.93,4,5,5,Champion / Loyal,job_e06ac3b9:54:28330
54,18471,2023-05-23,222,28.0,452,7.93,4,5,5,Champion / Loyal,job_e06ac3b9:54:18471
31,26246,2023-09-27,95,12.0,491,7.92,4,4,5,Champion / Loyal,job_e06ac3b9:31:26246
31,22557,2023-09-27,95,12.0,477,7.92,4,4,5,Champion / Loyal,job_e06ac3b9:31:22557
31,40225,2023-09-27,95,12.0,276,7.92,4,4,5,Champion / Loyal,job_e06ac3b9:31:40225
49,10241,2023-07-18,166,21.0,393,7.9,1,3,2,Average Purchaser,job_e06ac3b9:49:10241
49,24516,2023-07-18,166,21.0,361,7.9,1,3,2,Average Purchaser,job_e06ac3b9:49:24516
63,38650,2023-05-08,237,30.0,198,7.9,3,5,5,Need Attention,job_e06ac3b9:63:38650
49,10336,2023-07-18,166,21.0,390,7.9,1,3,2,Average Purchaser,job_e06ac3b9:49:10336
2,28918,2023-08-03,150,19.0,104,7.89,5,4,4,Champion / Loyal,job_e06ac3b9:2:28918
54,14462,2023-05-24,221,28.0,301,7.89,4,5,5,Champion / Loyal,job_e06ac3b9:54:14462
35,4799,2023-05-24,221,28.0,82,7.89,1,3,4,High-Value At-Risk,job_e06ac3b9:35:4799
35,14462,2023-05-24,221,28.0,301,7.89,1,3,4,High-Value At-Risk,job_e06ac3b9:35:14462
14,17556,2023-06-09,205,26.0,373,7.88,2,4,4,High-Value At-Risk,job_e06ac3b9:14:17556
23,46572,2023-08-27,126,16.0,433,7.88,1,1,2,Low-Value / Lost,job_e06ac3b9:23:46572
42,258,2023-07-19,165,21.0,351,7.86,5,4,4,Champion / Loyal,job_e06ac3b9:42:258
42,49518,2023-07-19,165,21.0,189,7.86,5,4,4,Champion / Loyal,job_e06ac3b9:42:49518
42,11865,2023-07-19,165,21.0,408,7.86,5,4,4,Champion / Loyal,job_e06ac3b9:42:11865
2,20574,2023-05-25,220,28.0,267,7.86,5,4,4,Champion / Loyal,job_e06ac3b9:2:20574
54,10243,2023-01-04,361,46.0,174,7.85,4,5,5,Champion / Loyal,job_e06ac3b9:54:10243
54,31066,2023-01-04,361,46.0,392,7.85,4,5,5,Champion / Loyal,job_e06ac3b9:54:31066
54,41073,2023-01-04,361,46.0,204,7.85,4,5,5,Champion / Loyal,job_e06ac3b9:54:41073
2,22829,2023-06-02,212,27.0,269,7.85,5,4,4,Champion / Loyal,job_e06ac3b9:2:22829
52,14444,2023-08-16,137,17.5,113,7.83,3,5,4,Need Attention,job_e06ac3b9:52:14444
14,32115,2023-05-10,235,30.0,228,7.83,2,4,4,High-Value At-Risk,job_e06ac3b9:14:32115
4,22199,2023-11-14,47,6.0,404,7.83,4,2,1,New / Promising,job_e06ac3b9:4:22199
21,47766,2023-09-01,121,15.5,124,7.81,3,5,4,Need Attention,job_e06ac3b9:21:47766
54,8670,2023-05-03,242,31.0,242,7.81,4,5,5,Champion / Loyal,job_e06ac3b9:54:8670
46,19886,2023-05-27,218,28.0,493,7.79,1,4,4,High-Value At-Risk,job_e06ac3b9:46:19886
21,13588,2023-05-27,218,28.0,59,7.79,3,5,4,Need Attention,job_e06ac3b9:21:13588
37,651,2023-02-07,327,42.0,450,7.79,4,4,4,Champion / Loyal,job_e06ac3b9:37:651
54,17461,2023-08-05,148,19.0,418,7.79,4,5,5,Champion / Loyal,job_e06ac3b9:54:17461
36,21521,2023-05-31,214,27.5,230,7.78,2,5,4,High-Value At-Risk,job_e06ac3b9:36:21521
32,17149,2023-09-21,101,13.0,117,7.77,4,2,4,New / Promising,job_e06ac3b9:32:17149
38,40203,2023-06-20,194,25.0,360,7.76,4,3,4,Average Purchaser,job_e06ac3b9:38:40203
14,10568,2023-06-09,205,26.5,354,7.74,2,4,4,High-Value At-Risk,job_e06ac3b9:14:10568
14,32476,2023-06-09,205,26.5,237,7.74,2,4,4,High-Value At-Risk,job_e06ac3b9:14:32476
41,11777,2023-09-14,108,14.0,181,7.71,1,2,3,Average Purchaser,job_e06ac3b9:41:11777
41,41805,2023-09-14,108,14.0,175,7.71,1,2,3,Average Purchaser,job_e06ac3b9:41:41805
24,42447,2023-09-14,108,14.0,257,7.71,2,4,2,High-Value At-Risk,job_e06ac3b9:24:42447
43,8590,2023-09-14,108,14.0,225,7.71,1,3,4,High-Value At-Risk,job_e06ac3b9:43:8590
32,32433,2023-08-22,131,17.0,294,7.71,4,2,4,New / Promising,job_e06ac3b9:32:32433
52,20004,2023-10-15,77,10.0,499,7.7,3,5,4,Need Attention,job_e06ac3b9:52:20004
44,44560,2023-10-15,77,10.0,220,7.7,2,1,2,Low-Value / Lost,job_e06ac3b9:44:44560
28,5479,2023-10-15,77,10.0,104,7.7,3,5,4,Need Attention,job_e06ac3b9:28:5479
2,5212,2023-08-03,150,19.5,97,7.69,5,4,4,Champion / Loyal,job_e06ac3b9:2:5212
35,35547,2023-07-15,169,22.0,461,7.68,1,3,4,High-Value At-Risk,job_e06ac3b9:35:35547
35,39993,2023-07-15,169,22.0,398,7.68,1,3,4,High-Value At-Risk,job_e06ac3b9:35:39993
17,16188,2023-07-23,161,21.0,200,7.67,1,5,5,High-Value At-Risk,job_e06ac3b9:17:16188
38,13712,2023-07-31,153,20.0,256,7.65,4,3,4,Average Purchaser,job_e06ac3b9:38:13712
38,45437,2023-07-31,153,20.0,277,7.65,4,3,4,Average Purchaser,job_e06ac3b9:38:45437
44,47962,2023-09-15,107,14.0,129,7.64,2,1,2,Low-Value / Lost,job_e06ac3b9:44:47962
54,41055,2022-12-10,386,50.5,53,7.64,4,5,5,Champion / Loyal,job_e06ac3b9:54:41055
59,32139,2023-07-01,183,24.0,439,7.62,1,3,3,Average Purchaser,job_e06ac3b9:59:32139
59,40604,2023-06-01,213,28.0,188,7.61,1,3,3,Average Purchaser,job_e06ac3b9:59:40604
31,47141,2023-09-27,95,12.5,336,7.6,4,4,5,Champion / Loyal,job_e06ac3b9:31:47141
31,33483,2023-08-24,129,17.0,177,7.59,4,4,5,Champion / Loyal,job_e06ac3b9:31:33483
64,40545,2023-08-24,129,17.0,379,7.59,5,3,4,Average Purchaser,job_e06ac3b9:64:40545
31,49617,2023-08-24,129,17.0,335,7.59,4,4,5,Champion / Loyal,job_e06ac3b9:31:49617
3,7503,2023-08-09,144,19.0,305,7.58,3,3,3,Need Attention,job_e06ac3b9:3:7503
2,21227,2023-09-16,106,14.0,307,7.57,5,4,4,Champion / Loyal,job_e06ac3b9:2:21227
14,45066,2023-04-10,265,35.0,399,7.57,2,4,4,High-Value At-Risk,job_e06ac3b9:14:45066
43,25273,2023-08-17,136,18.0,185,7.56,1,3,4,High-Value At-Risk,job_e06ac3b9:43:25273
2,14553,2023-06-10,204,27.0,416,7.56,5,4,4,Champion / Loyal,job_e06ac3b9:2:14553
21,27044,2023-06-25,189,25.0,491,7.56,3,5,4,Need Attention,job_e06ac3b9:21:27044
50,21174,2023-05-26,219,29.0,146,7.55,5,5,5,Champion / Loyal,job_e06ac3b9:50:21174
59,34243,2023-07-18,166,22.0,219,7.55,1,3,3,Average Purchaser,job_e06ac3b9:59:34243
58,25952,2023-08-02,151,20.0,166,7.55,4,4,3,Average Purchaser,job_e06ac3b9:58:25952
58,10350,2023-10-09,83,11.0,268,7.55,4,4,3,Average Purchaser,job_e06ac3b9:58:10350
37,36149,2023-03-27,279,37.0,129,7.54,4,4,4,Champion / Loyal,job_e06ac3b9:37:36149
7,33740,2023-09-09,113,15.0,69,7.53,1,4,4,High-Value At-Risk,job_e06ac3b9:7:33740
36,36824,2023-04-27,248,33.0,469,7.52,2,5,4,High-Value At-Risk,job_e06ac3b9:36:36824
36,41481,2023-04-27,248,33.0,285,7.52,2,5,4,High-Value At-Risk,job_e06ac3b9:36:41481
36,7367,2023-04-27,248,33.0,209,7.52,2,5,4,High-Value At-Risk,job_e06ac3b9:36:7367
11,19543,2023-09-02,120,16.0,202,7.5,4,2,3,New / Promising,job_e06ac3b9:11:19543
54,40476,2023-10-02,90,12.0,309,7.5,4,5,5,Champion / Loyal,job_e06ac3b9:54:40476
42,43693,2023-07-19,165,22.0,317,7.5,5,4,4,Champion / Loyal,job_e06ac3b9:42:43693
11,43352,2023-11-01,60,8.0,462,7.5,4,2,3,New / Promising,job_e06ac3b9:11:43352
54,21938,2023-07-19,165,22.0,471,7.5,4,5,5,Champion / Loyal,job_e06ac3b9:54:21938
32,27531,2023-09-21,101,13.5,293,7.48,4,2,4,New / Promising,job_e06ac3b9:32:27531
36,12419,2023-07-01,183,24.5,304,7.47,2,5,4,High-Value At-Risk,job_e06ac3b9:36:12419
59,20920,2023-07-01,183,24.5,265,7.47,1,3,3,Average Purchaser,job_e06ac3b9:59:20920
36,39812,2023-07-01,183,24.5,410,7.47,2,5,4,High-Value At-Risk,job_e06ac3b9:36:39812
38,23734,2023-10-10,82,11.0,430,7.45,4,3,4,Average Purchaser,job_e06ac3b9:38:23734
17,25464,2023-05-03,242,32.5,154,7.45,1,5,5,High-Value At-Risk,job_e06ac3b9:17:25464
28,42265,2023-08-08,145,19.5,161,7.44,3,5,4,Need Attention,job_e06ac3b9:28:42265
35,42585,2023-09-18,104,14.0,369,7.43,1,3,4,High-Value At-Risk,job_e06ac3b9:35:42585
41,24852,2023-08-23,130,17.5,437,7.43,1,2,3,Average Purchaser,job_e06ac3b9:41:24852
55,23817,2023-07-28,156,21.0,156,7.43,3,2,3,Need Attention,job_e06ac3b9:55:23817
38,4210,2023-11-09,52,7.0,443,7.43,4,3,4,Average Purchaser,job_e06ac3b9:38:4210
40,24852,2023-08-23,130,17.5,437,7.43,2,3,3,Average Purchaser,job_e06ac3b9:40:24852
37,12395,2023-07-28,156,21.0,397,7.43,4,4,4,Champion / Loyal,job_e06ac3b9:37:12395
63,25598,2023-07-28,156,21.0,182,7.43,3,5,5,Need Attention,job_e06ac3b9:63:25598
2,22124,2023-10-14,78,10.5,120,7.43,5,4,4,Champion / Loyal,job_e06ac3b9:2:22124
55,47766,2023-09-07,115,15.5,124,7.42,3,2,3,Need Attention,job_e06ac3b9:55:47766
54,21009,2023-06-14,200,27.0,83,7.41,4,5,5,Champion / Loyal,job_e06ac3b9:54:21009
54,18382,2023-06-14,200,27.0,497,7.41,4,5,5,Champion / Loyal,job_e06ac3b9:54:18382
54,10017,2023-08-05,148,20.0,188,7.4,4,5,5,Champion / Loyal,job_e06ac3b9:54:10017
16,12069,2023-08-09,144,19.5,344,7.38,2,2,3,Average Purchaser,job_e06ac3b9:16:12069
26,1063,2023-07-29,155,21.0,122,7.38,5,3,2,Average Purchaser,job_e06ac3b9:26:1063
16,37687,2023-08-09,144,19.5,86,7.38,2,2,3,Average Purchaser,job_e06ac3b9:16:37687
16,27336,2023-08-09,144,19.5,213,7.38,2,2,3,Average Purchaser,job_e06ac3b9:16:27336
21,35221,2023-03-26,280,38.0,495,7.37,3,5,4,Need Attention,job_e06ac3b9:21:35221
54,34356,2023-05-24,221,30.0,214,7.37,4,5,5,Champion / Loyal,job_e06ac3b9:54:34356
57,40411,2023-09-19,103,14.0,310,7.36,1,4,3,High-Value At-Risk,job_e06ac3b9:57:40411
59,10082,2023-08-21,132,18.0,103,7.33,1,3,3,Average Purchaser,job_e06ac3b9:59:10082
7,43967,2023-08-21,132,18.0,375,7.33,1,4,4,High-Value At-Risk,job_e06ac3b9:7:43967
54,20840,2023-07-30,154,21.0,199,7.33,4,5,5,Champion / Loyal,job_e06ac3b9:54:20840
29,22259,2023-09-12,110,15.0,60,7.33,3,4,4,Need Attention,job_e06ac3b9:29:22259
14,7239,2023-06-09,205,28.0,347,7.32,2,4,4,High-Value At-Risk,job_e06ac3b9:14:7239
12,17159,2023-07-23,161,22.0,270,7.32,3,2,3,Need Attention,job_e06ac3b9:12:17159
14,48101,2023-06-09,205,28.0,150,7.32,2,4,4,High-Value At-Risk,job_e06ac3b9:14:48101
14,9477,2023-06-09,205,28.0,370,7.32,2,4,4,High-Value At-Risk,job_e06ac3b9:14:9477
14,19750,2023-06-09,205,28.0,372,7.32,2,4,4,High-Value At-Risk,job_e06ac3b9:14:19750
31,1940,2023-09-27,95,13.0,293,7.31,4,4,5,Champion / Loyal,job_e06ac3b9:31:1940
27,11193,2023-06-17,197,27.0,481,7.3,3,5,5,Need Attention,job_e06ac3b9:27:11193
59,19611,2023-08-07,146,20.0,61,7.3,1,3,3,Average Purchaser,job_e06ac3b9:59:19611
59,19240,2023-08-07,146,20.0,301,7.3,1,3,3,Average Purchaser,job_e06ac3b9:59:19240
2,5907,2023-06-10,204,28.0,404,7.29,5,4,4,Champion / Loyal,job_e06ac3b9:2:5907
63,49175,2023-06-10,204,28.0,419,7.29,3,5,5,Need Attention,job_e06ac3b9:63:49175
2,48210,2023-06-10,204,28.0,156,7.29,5,4,4,Champion / Loyal,job_e06ac3b9:2:48210
38,34635,2023-07-31,153,21.0,337,7.29,4,3,4,Average Purchaser,job_e06ac3b9:38:34635
52,29794,2023-08-29,124,17.0,462,7.29,3,5,4,Need Attention,job_e06ac3b9:52:29794
54,25890,2023-09-20,102,14.0,288,7.29,4,5,5,Champion / Loyal,job_e06ac3b9:54:25890
46,45961,2023-06-10,204,28.0,191,7.29,1,4,4,High-Value At-Risk,job_e06ac3b9:46:45961
38,43304,2023-07-31,153,21.0,244,7.29,4,3,4,Average Purchaser,job_e06ac3b9:38:43304
27,19057,2023-09-13,109,15.0,293,7.27,3,5,5,Need Attention,job_e06ac3b9:27:19057
63,3869,2023-02-14,320,44.0,460,7.27,3,5,5,Need Attention,job_e06ac3b9:63:3869
46,24525,2023-05-27,218,30.0,490,7.27,1,4,4,High-Value At-Risk,job_e06ac3b9:46:24525
49,7646,2023-06-18,196,27.0,197,7.26,1,3,2,Average Purchaser,job_e06ac3b9:49:7646
35,16797,2023-08-15,138,19.0,432,7.26,1,3,4,High-Value At-Risk,job_e06ac3b9:35:16797
35,20734,2023-08-15,138,19.0,318,7.26,1,3,4,High-Value At-Risk,job_e06ac3b9:35:20734
49,24231,2023-10-05,87,12.0,468,7.25,1,3,2,Average Purchaser,job_e06ac3b9:49:24231
49,1752,2023-10-05,87,12.0,261,7.25,1,3,2,Average Purchaser,job_e06ac3b9:49:1752
54,45801,2023-06-11,203,28.0,78,7.25,4,5,5,Champion / Loyal,job_e06ac3b9:54:45801
19,41319,2023-10-05,87,12.0,62,7.25,5,3,4,Average Purchaser,job_e06ac3b9:19:41319
7,6361,2023-06-26,188,26.0,399,7.23,1,4,4,High-Value At-Risk,job_e06ac3b9:7:6361
46,39922,2023-08-12,141,19.5,127,7.23,1,4,4,High-Value At-Risk,job_e06ac3b9:46:39922
57,34969,2023-07-25,159,22.0,445,7.23,1,4,3,High-Value At-Risk,job_e06ac3b9:57:34969
41,6187,2023-08-23,130,18.0,324,7.22,1,2,3,Average Purchaser,job_e06ac3b9:41:6187
50,24487,2023-09-14,108,15.0,427,7.2,5,5,5,Champion / Loyal,job_e06ac3b9:50:24487
43,196,2023-09-14,108,15.0,264,7.2,1,3,4,High-Value At-Risk,job_e06ac3b9:43:196
64,37029,2023-10-13,79,11.0,98,7.18,5,3,4,Average Purchaser,job_e06ac3b9:64:37029
36,23801,2023-02-18,316,44.0,389,7.18,2,5,4,High-Value At-Risk,job_e06ac3b9:36:23801
52,45920,2023-08-24,129,18.0,419,7.17,3,5,4,Need Attention,job_e06ac3b9:52:45920
22,4421,2023-07-23,161,22.5,455,7.16,1,4,3,High-Value At-Risk,job_e06ac3b9:22:4421
43,19348,2023-09-29,93,13.0,289,7.15,1,3,4,High-Value At-Risk,job_e06ac3b9:43:19348
2,17758,2023-08-03,150,21.0,355,7.14,5,4,4,Champion / Loyal,job_e06ac3b9:2:17758
2,34688,2023-08-03,150,21.0,93,7.14,5,4,4,Champion / Loyal,job_e06ac3b9:2:34688
2,46886,2023-08-03,150,21.0,413,7.14,5,4,4,Champion / Loyal,job_e06ac3b9:2:46886
59,47719,2023-08-21,132,18.5,203,7.14,1,3,3,Average Purchaser,job_e06ac3b9:59:47719
40,9290,2023-08-03,150,21.0,62,7.14,2,3,3,Average Purchaser,job_e06ac3b9:40:9290
7,22963,2023-06-14,200,28.0,167,7.14,1,4,4,High-Value At-Risk,job_e06ac3b9:7:22963
7,29871,2023-06-14,200,28.0,246,7.14,1,4,4,High-Value At-Risk,job_e06ac3b9:7:29871
40,26706,2023-08-03,150,21.0,260,7.14,2,3,3,Average Purchaser,job_e06ac3b9:40:26706
54,7632,2023-02-20,314,44.0,362,7.14,4,5,5,Champion / Loyal,job_e06ac3b9:54:7632
7,14267,2023-06-14,200,28.0,198,7.14,1,4,4,High-Value At-Risk,job_e06ac3b9:7:14267
2,40198,2023-08-03,150,21.0,293,7.14,5,4,4,Champion / Loyal,job_e06ac3b9:2:40198
54,7021,2023-05-24,221,31.0,184,7.13,4,5,5,Champion / Loyal,job_e06ac3b9:54:7021
35,5212,2023-08-14,139,19.5,97,7.13,1,3,4,High-Value At-Risk,job_e06ac3b9:35:5212
17,16486,2023-09-15,107,15.0,323,7.13,1,5,5,High-Value At-Risk,job_e06ac3b9:17:16486
35,4487,2023-05-24,221,31.0,446,7.13,1,3,4,High-Value At-Risk,job_e06ac3b9:35:4487
35,11140,2023-08-14,139,19.5,179,7.13,1,3,4,High-Value At-Risk,job_e06ac3b9:35:11140
17,1073,2023-06-15,199,28.0,71,7.11,1,5,5,High-Value At-Risk,job_e06ac3b9:17:1073
39,6567,2023-10-21,71,10.0,358,7.1,5,2,4,New / Promising,job_e06ac3b9:39:6567
39,32653,2023-10-21,71,10.0,269,7.1,5,2,4,New / Promising,job_e06ac3b9:39:32653
39,49191,2023-10-21,71,10.0,181,7.1,5,2,4,New / Promising,job_e06ac3b9:39:49191
40,13870,2023-08-11,142,20.0,384,7.1,2,3,3,Average Purchaser,job_e06ac3b9:40:13870
39,12857,2023-10-21,71,10.0,354,7.1,5,2,4,New / Promising,job_e06ac3b9:39:12857
27,9405,2023-08-11,142,20.0,464,7.1,3,5,5,Need Attention,job_e06ac3b9:27:9405
56,46654,2023-10-07,85,12.0,245,7.08,2,3,4,High-Value At-Risk,job_e06ac3b9:56:46654
35,37766,2023-08-15,138,19.5,84,7.08,1,3,4,High-Value At-Risk,job_e06ac3b9:35:37766
50,2132,2023-06-30,184,26.0,300,7.08,5,5,5,Champion / Loyal,job_e06ac3b9:50:2132
48,25879,2023-09-30,92,13.0,162,7.08,1,3,3,Average Purchaser,job_e06ac3b9:48:25879
35,6258,2023-06-23,191,27.0,415,7.07,1,3,4,High-Value At-Risk,job_e06ac3b9:35:6258
14,1261,2023-06-09,205,29.0,381,7.07,2,4,4,High-Value At-Risk,job_e06ac3b9:14:1261
48,44636,2023-09-16,106,15.0,177,7.07,1,3,3,Average Purchaser,job_e06ac3b9:48:44636
35,30727,2023-06-23,191,27.0,482,7.07,1,3,4,High-Value At-Risk,job_e06ac3b9:35:30727
58,23005,2023-09-23,99,14.0,265,7.07,4,4,3,Average Purchaser,job_e06ac3b9:58:23005
28,8697,2023-09-23,99,14.0,474,7.07,3,5,4,Need Attention,job_e06ac3b9:28:8697
17,47940,2023-08-05,148,21.0,194,7.05,1,5,5,High-Value At-Risk,job_e06ac3b9:17:47940
46,16768,2023-08-12,141,20.0,351,7.05,1,4,4,High-Value At-Risk,job_e06ac3b9:46:16768
60,32642,2023-06-17,197,28.0,317,7.04,4,3,3,Average Purchaser,job_e06ac3b9:60:32642
27,42356,2023-07-08,176,25.0,52,7.04,3,5,5,Need Attention,job_e06ac3b9:27:42356
33,18894,2023-09-20,102,14.5,114,7.03,1,1,2,Low-Value / Lost,job_e06ac3b9:33:18894
36,39361,2023-05-13,232,33.0,443,7.03,2,5,4,High-Value At-Risk,job_e06ac3b9:36:39361
46,8670,2023-05-27,218,31.0,242,7.03,1,4,4,High-Value At-Risk,job_e06ac3b9:46:8670
46,22395,2023-05-27,218,31.0,422,7.03,1,4,4,High-Value At-Risk,job_e06ac3b9:46:22395
54,37987,2022-12-10,386,55.0,348,7.02,4,5,5,Champion / Loyal,job_e06ac3b9:54:37987
27,40709,2023-05-24,221,31.5,286,7.02,3,5,5,Need Attention,job_e06ac3b9:27:40709
62,48017,2023-06-28,186,26.5,404,7.02,3,3,3,Need Attention,job_e06ac3b9:62:48017
56,47998,2023-11-05,56,8.0,62,7.0,2,3,4,High-Value At-Risk,job_e06ac3b9:56:47998
1,49235,2023-10-08,84,12.0,416,7.0,2,3,2,Average Purchaser,job_e06ac3b9:1:49235
49,33735,2023-06-18,196,28.0,262,7.0,1,3,2,Average Purchaser,job_e06ac3b9:49:33735
49,33184,2023-08-06,147,21.0,333,7.0,1,3,2,Average Purchaser,job_e06ac3b9:49:33184
39,30962,2023-11-12,49,7.0,172,7.0,5,2,4,New / Promising,job_e06ac3b9:39:30962
49,17487,2023-08-06,147,21.0,141,7.0,1,3,2,Average Purchaser,job_e06ac3b9:49:17487
44,26172,2023-10-15,77,11.0,153,7.0,2,1,2,Low-Value / Lost,job_e06ac3b9:44:26172
3,48523,2023-10-08,84,12.0,96,7.0,3,3,3,Need Attention,job_e06ac3b9:3:48523
23,4235,2023-08-27,126,18.0,112,7.0,1,1,2,Low-Value / Lost,job_e06ac3b9:23:4235
56,26317,2023-09-24,98,14.0,455,7.0,2,3,4,High-Value At-Risk,job_e06ac3b9:56:26317
31,37646,2023-09-17,105,15.0,101,7.0,4,4,5,Champion / Loyal,job_e06ac3b9:31:37646
37,28204,2023-08-27,126,18.0,187,7.0,4,4,4,Champion / Loyal,job_e06ac3b9:37:28204
56,1516,2023-09-03,119,17.0,146,7.0,2,3,4,High-Value At-Risk,job_e06ac3b9:56:1516
38,23233,2023-07-03,181,26.0,285,6.96,4,3,4,Average Purchaser,job_e06ac3b9:38:23233
59,39054,2023-08-07,146,21.0,253,6.95,1,3,3,Average Purchaser,job_e06ac3b9:59:39054
38,8193,2023-07-31,153,22.0,89,6.95,4,3,4,Average Purchaser,job_e06ac3b9:38:8193
38,6873,2023-07-31,153,22.0,495,6.95,4,3,4,Average Purchaser,job_e06ac3b9:38:6873
59,2350,2023-08-07,146,21.0,151,6.95,1,3,3,Average Purchaser,job_e06ac3b9:59:2350
7,39275,2023-08-21,132,19.0,188,6.95,1,4,4,High-Value At-Risk,job_e06ac3b9:7:39275
11,47912,2023-08-07,146,21.0,318,6.95,4,2,3,New / Promising,job_e06ac3b9:11:47912
14,9076,2023-09-04,118,17.0,294,6.94,2,4,4,High-Value At-Risk,job_e06ac3b9:14:9076
38,5994,2023-06-20,194,28.0,165,6.93,4,3,4,Average Purchaser,job_e06ac3b9:38:5994
64,32303,2023-09-18,104,15.0,214,6.93,5,3,4,Average Purchaser,job_e06ac3b9:64:32303
29,40592,2023-05-20,225,32.5,190,6.92,3,4,4,Need Attention,job_e06ac3b9:29:40592
35,18150,2023-10-16,76,11.0,64,6.91,1,3,4,High-Value At-Risk,job_e06ac3b9:35:18150
45,47965,2023-10-23,69,10.0,150,6.9,3,1,1,Average Purchaser,job_e06ac3b9:45:47965
35,43789,2023-07-15,169,24.5,460,6.9,1,3,4,High-Value At-Risk,job_e06ac3b9:35:43789
45,17924,2023-10-23,69,10.0,251,6.9,3,1,1,Average Purchaser,job_e06ac3b9:45:17924
26,13219,2023-08-15,138,20.0,481,6.9,5,3,2,Average Purchaser,job_e06ac3b9:26:13219
31,27086,2023-10-30,62,9.0,288,6.89,4,4,5,Champion / Loyal,job_e06ac3b9:31:27086
54,21709,2023-07-12,172,25.0,271,6.88,4,5,5,Champion / Loyal,job_e06ac3b9:54:21709
54,30480,2023-06-01,213,31.0,432,6.87,4,5,5,Champion / Loyal,job_e06ac3b9:54:30480
35,28289,2023-08-19,134,19.5,243,6.87,1,3,4,High-Value At-Risk,job_e06ac3b9:35:28289
11,36070,2023-08-19,134,19.5,211,6.87,4,2,3,New / Promising,job_e06ac3b9:11:36070
7,45628,2023-08-09,144,21.0,111,6.86,1,4,4,High-Value At-Risk,job_e06ac3b9:7:45628
22,2452,2023-08-09,144,21.0,464,6.86,1,4,3,High-Value At-Risk,job_e06ac3b9:22:2452
17,31268,2023-02-19,315,46.0,224,6.85,1,5,5,High-Value At-Risk,job_e06ac3b9:17:31268
29,169,2023-06-23,191,28.0,151,6.82,3,4,4,Need Attention,job_e06ac3b9:29:169
2,27344,2023-06-23,191,28.0,170,6.82,5,4,4,Champion / Loyal,job_e06ac3b9:2:27344
61,39581,2023-09-30,92,13.5,115,6.81,5,1,3,New / Promising,job_e06ac3b9:61:39581
54,7751,2023-03-07,299,44.0,376,6.8,4,5,5,Champion / Loyal,job_e06ac3b9:54:7751
54,9071,2023-09-20,102,15.0,197,6.8,4,5,5,Champion / Loyal,job_e06ac3b9:54:9071
38,12456,2023-07-31,153,22.5,136,6.8,4,3,4,Average Purchaser,job_e06ac3b9:38:12456
54,45582,2023-03-07,299,44.0,201,6.8,4,5,5,Champion / Loyal,job_e06ac3b9:54:45582
46,13536,2023-06-24,190,28.0,209,6.79,1,4,4,High-Value At-Risk,job_e06ac3b9:46:13536
27,29901,2023-03-08,298,44.0,51,6.77,3,5,5,Need Attention,job_e06ac3b9:27:29901
2,9124,2023-08-11,142,21.0,301,6.76,5,4,4,Champion / Loyal,job_e06ac3b9:2:9124
2,48099,2023-08-11,142,21.0,385,6.76,5,4,4,Champion / Loyal,job_e06ac3b9:2:48099
40,48099,2023-08-11,142,21.0,385,6.76,2,3,3,Average Purchaser,job_e06ac3b9:40:48099
27,23499,2023-08-11,142,21.0,343,6.76,3,5,5,Need Attention,job_e06ac3b9:27:23499
2,47792,2023-08-11,142,21.0,302,6.76,5,4,4,Champion / Loyal,job_e06ac3b9:2:47792
2,27737,2023-08-11,142,21.0,95,6.76,5,4,4,Champion / Loyal,job_e06ac3b9:2:27737
2,45613,2023-08-11,142,21.0,160,6.76,5,4,4,Champion / Loyal,job_e06ac3b9:2:45613
2,22559,2023-08-11,142,21.0,79,6.76,5,4,4,Champion / Loyal,job_e06ac3b9:2:22559
2,33957,2023-08-11,142,21.0,373,6.76,5,4,4,Champion / Loyal,job_e06ac3b9:2:33957
27,18035,2023-09-07,115,17.0,233,6.76,3,5,5,Need Attention,job_e06ac3b9:27:18035
41,26384,2023-10-11,81,12.0,406,6.75,1,2,3,Average Purchaser,job_e06ac3b9:41:26384
41,44310,2023-09-14,108,16.0,266,6.75,1,2,3,Average Purchaser,job_e06ac3b9:41:44310
27,44669,2023-06-25,189,28.0,426,6.75,3,5,5,Need Attention,job_e06ac3b9:27:44669
48,34012,2023-08-18,135,20.0,362,6.75,1,3,3,Average Purchaser,job_e06ac3b9:48:34012
12,5746,2023-10-01,91,13.5,217,6.74,3,2,3,Need Attention,job_e06ac3b9:12:5746
32,37646,2023-09-21,101,15.0,101,6.73,4,2,4,New / Promising,job_e06ac3b9:32:37646
14,8193,2023-08-05,148,22.0,89,6.73,2,4,4,High-Value At-Risk,job_e06ac3b9:14:8193
54,10492,2023-05-23,222,33.0,168,6.73,4,5,5,Champion / Loyal,job_e06ac3b9:54:10492
63,24318,2023-03-10,296,44.0,458,6.73,3,5,5,Need Attention,job_e06ac3b9:63:24318
63,47875,2023-03-10,296,44.0,408,6.73,3,5,5,Need Attention,job_e06ac3b9:63:47875
63,12036,2023-03-10,296,44.0,182,6.73,3,5,5,Need Attention,job_e06ac3b9:63:12036
63,21057,2023-03-10,296,44.0,73,6.73,3,5,5,Need Attention,job_e06ac3b9:63:21057
14,26209,2023-07-09,175,26.0,314,6.73,2,4,4,High-Value At-Risk,job_e06ac3b9:14:26209
28,26209,2023-07-09,175,26.0,314,6.73,3,5,4,Need Attention,job_e06ac3b9:28:26209
63,22883,2023-03-10,296,44.0,285,6.73,3,5,5,Need Attention,job_e06ac3b9:63:22883
63,1994,2023-03-10,296,44.0,414,6.73,3,5,5,Need Attention,job_e06ac3b9:63:1994
63,40229,2023-03-10,296,44.0,70,6.73,3,5,5,Need Attention,job_e06ac3b9:63:40229
63,27437,2023-03-10,296,44.0,232,6.73,3,5,5,Need Attention,job_e06ac3b9:63:27437
63,9224,2023-03-10,296,44.0,385,6.73,3,5,5,Need Attention,job_e06ac3b9:63:9224
32,39037,2023-08-22,131,19.5,113,6.72,4,2,4,New / Promising,job_e06ac3b9:32:39037
7,19019,2023-06-26,188,28.0,363,6.71,1,4,4,High-Value At-Risk,job_e06ac3b9:7:19019
46,37611,2023-08-12,141,21.0,223,6.71,1,4,4,High-Value At-Risk,job_e06ac3b9:46:37611
62,4793,2023-08-12,141,21.0,152,6.71,3,3,3,Need Attention,job_e06ac3b9:62:4793
60,43295,2023-08-19,134,20.0,143,6.7,4,3,3,Average Purchaser,job_e06ac3b9:60:43295
16,22247,2023-07-20,164,24.5,285,6.69,2,2,3,Average Purchaser,job_e06ac3b9:16:22247
57,30700,2023-09-25,97,14.5,224,6.69,1,4,3,High-Value At-Risk,job_e06ac3b9:57:30700
31,28281,2023-10-12,80,12.0,276,6.67,4,4,5,Champion / Loyal,job_e06ac3b9:31:28281
31,15371,2023-10-12,80,12.0,451,6.67,4,4,5,Champion / Loyal,job_e06ac3b9:31:15371
41,28289,2023-08-23,130,19.5,243,6.67,1,2,3,Average Purchaser,job_e06ac3b9:41:28289
31,14328,2023-10-12,80,12.0,275,6.67,4,4,5,Champion / Loyal,job_e06ac3b9:31:14328
43,8451,2023-08-13,140,21.0,87,6.67,1,3,4,High-Value At-Risk,job_e06ac3b9:43:8451
43,11777,2023-09-29,93,14.0,181,6.64,1,3,4,High-Value At-Risk,job_e06ac3b9:43:11777
63,34217,2023-08-17,136,20.5,373,6.63,3,5,5,Need Attention,job_e06ac3b9:63:34217
27,2966,2023-11-08,53,8.0,205,6.62,3,5,5,Need Attention,job_e06ac3b9:27:2966
48,34786,2023-05-27,218,33.0,467,6.61,1,3,3,Average Purchaser,job_e06ac3b9:48:34786
59,44811,2023-08-21,132,20.0,215,6.6,1,3,3,Average Purchaser,job_e06ac3b9:59:44811
40,5322,2023-10-26,66,10.0,221,6.6,2,3,3,Average Purchaser,job_e06ac3b9:40:5322
20,41400,2023-10-26,66,10.0,346,6.6,3,1,1,Average Purchaser,job_e06ac3b9:20:41400
28,24622,2023-08-08,145,22.0,141,6.59,3,5,4,Need Attention,job_e06ac3b9:28:24622
35,32419,2023-08-15,138,21.0,64,6.57,1,3,4,High-Value At-Risk,job_e06ac3b9:35:32419
41,40604,2023-06-30,184,28.0,188,6.57,1,2,3,Average Purchaser,job_e06ac3b9:41:40604
35,27729,2023-08-15,138,21.0,407,6.57,1,3,4,High-Value At-Risk,job_e06ac3b9:35:27729
61,36897,2023-09-30,92,14.0,438,6.57,5,1,3,New / Promising,job_e06ac3b9:61:36897
61,33690,2023-09-30,92,14.0,374,6.57,5,1,3,New / Promising,job_e06ac3b9:61:33690
14,32051,2023-09-04,118,18.0,171,6.56,2,4,4,High-Value At-Risk,job_e06ac3b9:14:32051
14,39545,2023-09-04,118,18.0,199,6.56,2,4,4,High-Value At-Risk,job_e06ac3b9:14:39545
14,22337,2023-09-04,118,18.0,208,6.56,2,4,4,High-Value At-Risk,job_e06ac3b9:14:22337
14,10321,2023-09-04,118,18.0,495,6.56,2,4,4,High-Value At-Risk,job_e06ac3b9:14:10321
49,27086,2023-11-02,59,9.0,288,6.56,1,3,2,Average Purchaser,job_e06ac3b9:49:27086
16,45073,2023-08-09,144,22.0,94,6.55,2,2,3,Average Purchaser,job_e06ac3b9:16:45073
28,20114,2023-08-09,144,22.0,354,6.55,3,5,4,Need Attention,job_e06ac3b9:28:20114
28,34969,2023-08-09,144,22.0,445,6.55,3,5,4,Need Attention,job_e06ac3b9:28:34969
57,23622,2023-08-09,144,22.0,210,6.55,1,4,3,High-Value At-Risk,job_e06ac3b9:57:23622
28,5025,2023-08-09,144,22.0,173,6.55,3,5,4,Need Attention,job_e06ac3b9:28:5025
63,41909,2023-07-01,183,28.0,350,6.54,3,5,5,Need Attention,job_e06ac3b9:63:41909
43,39891,2023-09-11,111,17.0,155,6.53,1,3,4,High-Value At-Risk,job_e06ac3b9:43:39891
54,37213,2023-05-10,235,36.0,192,6.53,4,5,5,Champion / Loyal,job_e06ac3b9:54:37213
28,8615,2023-09-24,98,15.0,455,6.53,3,5,4,Need Attention,job_e06ac3b9:28:8615
62,37947,2023-08-16,137,21.0,214,6.52,3,3,3,Need Attention,job_e06ac3b9:62:37947
58,7641,2023-08-16,137,21.0,500,6.52,4,4,3,Average Purchaser,job_e06ac3b9:58:7641
41,8555,2023-08-23,130,20.0,84,6.5,1,2,3,Average Purchaser,job_e06ac3b9:41:8555
40,13877,2023-08-23,130,20.0,303,6.5,2,3,3,Average Purchaser,job_e06ac3b9:40:13877
40,19240,2023-08-23,130,20.0,301,6.5,2,3,3,Average Purchaser,job_e06ac3b9:40:19240
29,27612,2023-10-27,65,10.0,271,6.5,3,4,4,Need Attention,job_e06ac3b9:29:27612
49,1376,2023-09-05,117,18.0,268,6.5,1,3,2,Average Purchaser,job_e06ac3b9:49:1376
49,13431,2023-09-05,117,18.0,379,6.5,1,3,2,Average Purchaser,job_e06ac3b9:49:13431
29,29628,2023-06-03,211,32.5,165,6.49,3,4,4,Need Attention,job_e06ac3b9:29:29628
36,42626,2023-05-31,214,33.0,120,6.48,2,5,4,High-Value At-Risk,job_e06ac3b9:36:42626
43,20378,2023-08-17,136,21.0,266,6.48,1,3,4,High-Value At-Risk,job_e06ac3b9:43:20378
63,28879,2023-08-17,136,21.0,75,6.48,3,5,5,Need Attention,job_e06ac3b9:63:28879
2,17872,2023-08-17,136,21.0,58,6.48,5,4,4,Champion / Loyal,job_e06ac3b9:2:17872
43,21011,2023-08-17,136,21.0,382,6.48,1,3,4,High-Value At-Risk,job_e06ac3b9:43:21011
63,11865,2023-08-17,136,21.0,408,6.48,3,5,5,Need Attention,job_e06ac3b9:63:11865
57,3599,2023-09-25,97,15.0,66,6.47,1,4,3,High-Value At-Risk,job_e06ac3b9:57:3599
62,16797,2023-08-30,123,19.0,432,6.47,3,3,3,Need Attention,job_e06ac3b9:62:16797
16,35140,2023-08-30,123,19.0,404,6.47,2,2,3,Average Purchaser,job_e06ac3b9:16:35140
16,45229,2023-08-30,123,19.0,264,6.47,2,2,3,Average Purchaser,job_e06ac3b9:16:45229
54,21137,2023-10-08,84,13.0,113,6.46,4,5,5,Champion / Loyal,job_e06ac3b9:54:21137
28,23644,2023-07-03,181,28.0,117,6.46,3,5,4,Need Attention,job_e06ac3b9:28:23644
43,28199,2023-08-27,126,19.5,404,6.46,1,3,4,High-Value At-Risk,job_e06ac3b9:43:28199
22,5212,2023-08-27,126,19.5,97,6.46,1,4,3,High-Value At-Risk,job_e06ac3b9:22:5212
22,13176,2023-10-08,84,13.0,303,6.46,1,4,3,High-Value At-Risk,job_e06ac3b9:22:13176
64,31040,2023-08-24,129,20.0,495,6.45,5,3,4,Average Purchaser,job_e06ac3b9:64:31040
49,41950,2023-10-05,87,13.5,369,6.44,1,3,2,Average Purchaser,job_e06ac3b9:49:41950
36,13238,2023-01-11,354,55.0,99,6.44,2,5,4,High-Value At-Risk,job_e06ac3b9:36:13238
30,45128,2023-05-13,232,36.0,135,6.44,1,3,1,Average Purchaser,job_e06ac3b9:30:45128
31,49363,2023-08-18,135,21.0,160,6.43,4,4,5,Champion / Loyal,job_e06ac3b9:31:49363
36,2426,2023-07-04,180,28.0,74,6.43,2,5,4,High-Value At-Risk,job_e06ac3b9:36:2426
63,39980,2023-07-04,180,28.0,242,6.43,3,5,5,Need Attention,job_e06ac3b9:63:39980
31,32858,2023-08-18,135,21.0,91,6.43,4,4,5,Champion / Loyal,job_e06ac3b9:31:32858
48,24940,2023-08-18,135,21.0,161,6.43,1,3,3,Average Purchaser,job_e06ac3b9:48:24940
54,5337,2023-07-04,180,28.0,216,6.43,4,5,5,Champion / Loyal,job_e06ac3b9:54:5337
56,19154,2023-10-15,77,12.0,312,6.42,2,3,4,High-Value At-Risk,job_e06ac3b9:56:19154
63,34213,2023-07-17,167,26.0,139,6.42,3,5,5,Need Attention,job_e06ac3b9:63:34213
58,44142,2023-08-15,138,21.5,291,6.42,4,4,3,Average Purchaser,job_e06ac3b9:58:44142
44,38741,2023-10-15,77,12.0,287,6.42,2,1,2,Low-Value / Lost,job_e06ac3b9:44:38741
35,44142,2023-08-15,138,21.5,291,6.42,1,3,4,High-Value At-Risk,job_e06ac3b9:35:44142
19,11613,2023-09-29,93,14.5,241,6.41,5,3,4,Average Purchaser,job_e06ac3b9:19:11613
60,13730,2023-09-13,109,17.0,328,6.41,4,3,3,Average Purchaser,job_e06ac3b9:60:13730
27,25824,2023-08-25,128,20.0,209,6.4,3,5,5,Need Attention,job_e06ac3b9:27:25824
41,33731,2023-07-24,160,25.0,490,6.4,1,2,3,Average Purchaser,job_e06ac3b9:41:33731
2,39877,2023-11-13,48,7.5,486,6.4,5,4,4,Champion / Loyal,job_e06ac3b9:2:39877
22,36724,2023-06-03,211,33.0,387,6.39,1,4,3,High-Value At-Risk,job_e06ac3b9:22:36724
36,11223,2023-06-03,211,33.0,265,6.39,2,5,4,High-Value At-Risk,job_e06ac3b9:36:11223
35,31883,2023-08-19,134,21.0,167,6.38,1,3,4,High-Value At-Risk,job_e06ac3b9:35:31883
63,38061,2023-04-07,268,42.0,415,6.38,3,5,5,Need Attention,job_e06ac3b9:63:38061
62,4086,2023-07-28,156,24.5,203,6.37,3,3,3,Need Attention,job_e06ac3b9:62:4086
21,33127,2023-09-01,121,19.0,112,6.37,3,5,4,Need Attention,job_e06ac3b9:21:33127
55,26209,2023-07-19,165,26.0,314,6.35,3,2,3,Need Attention,job_e06ac3b9:55:26209
46,35921,2023-07-22,162,25.5,347,6.35,1,4,4,High-Value At-Risk,job_e06ac3b9:46:35921
54,42364,2023-06-30,184,29.0,164,6.34,4,5,5,Champion / Loyal,job_e06ac3b9:54:42364
31,17981,2023-09-27,95,15.0,453,6.33,4,4,5,Champion / Loyal,job_e06ac3b9:31:17981
50,46654,2023-10-16,76,12.0,245,6.33,5,5,5,Champion / Loyal,job_e06ac3b9:50:46654
63,16726,2023-06-05,209,33.0,299,6.33,3,5,5,Need Attention,job_e06ac3b9:63:16726
63,38488,2023-06-05,209,33.0,329,6.33,3,5,5,Need Attention,job_e06ac3b9:63:38488
62,24830,2023-08-30,123,19.5,379,6.31,3,3,3,Need Attention,job_e06ac3b9:62:24830
29,3696,2023-07-14,170,27.0,85,6.3,3,4,4,Need Attention,job_e06ac3b9:29:3696
23,39063,2023-08-27,126,20.0,338,6.3,1,1,2,Low-Value / Lost,job_e06ac3b9:23:39063
58,43115,2023-08-02,151,24.0,147,6.29,4,4,3,Average Purchaser,job_e06ac3b9:58:43115
44,22695,2023-09-15,107,17.0,464,6.29,2,1,2,Low-Value / Lost,job_e06ac3b9:44:22695
42,7557,2023-07-08,176,28.0,424,6.29,5,4,4,Champion / Loyal,job_e06ac3b9:42:7557
42,22559,2023-08-21,132,21.0,79,6.29,5,4,4,Champion / Loyal,job_e06ac3b9:42:22559
54,22286,2023-10-04,88,14.0,192,6.29,4,5,5,Champion / Loyal,job_e06ac3b9:54:22286
17,17040,2023-09-15,107,17.0,400,6.29,1,5,5,High-Value At-Risk,job_e06ac3b9:17:17040
52,196,2023-09-28,94,15.0,264,6.27,3,5,4,Need Attention,job_e06ac3b9:52:196
35,45763,2023-08-15,138,22.0,130,6.27,1,3,4,High-Value At-Risk,job_e06ac3b9:35:45763
35,24622,2023-08-15,138,22.0,141,6.27,1,3,4,High-Value At-Risk,job_e06ac3b9:35:24622
35,12614,2023-08-15,138,22.0,416,6.27,1,3,4,High-Value At-Risk,job_e06ac3b9:35:12614
35,34358,2023-08-15,138,22.0,161,6.27,1,3,4,High-Value At-Risk,job_e06ac3b9:35:34358
58,34358,2023-08-15,138,22.0,161,6.27,4,4,3,Average Purchaser,job_e06ac3b9:58:34358
16,40706,2023-08-09,144,23.0,473,6.26,2,2,3,Average Purchaser,job_e06ac3b9:16:40706
25,31225,2023-09-22,100,16.0,195,6.25,5,1,1,New / Promising,job_e06ac3b9:25:31225
15,10441,2023-11-11,50,8.0,296,6.25,2,4,3,High-Value At-Risk,job_e06ac3b9:15:10441
25,33741,2023-09-22,100,16.0,104,6.25,5,1,1,New / Promising,job_e06ac3b9:25:33741
36,1529,2023-07-31,153,24.5,423,6.24,2,5,4,High-Value At-Risk,job_e06ac3b9:36:1529
32,47089,2023-08-22,131,21.0,459,6.24,4,2,4,New / Promising,job_e06ac3b9:32:47089
12,27243,2023-08-22,131,21.0,69,6.24,3,2,3,Need Attention,job_e06ac3b9:12:27243
10,24852,2023-09-13,109,17.5,437,6.23,5,2,4,New / Promising,job_e06ac3b9:10:24852
48,29287,2023-07-22,162,26.0,320,6.23,1,3,3,Average Purchaser,job_e06ac3b9:48:29287
41,13176,2023-10-11,81,13.0,303,6.23,1,2,3,Average Purchaser,job_e06ac3b9:41:13176
9,33754,2023-11-05,56,9.0,381,6.22,3,1,3,Need Attention,job_e06ac3b9:9:33754
57,42611,2023-10-05,87,14.0,210,6.21,1,4,3,High-Value At-Risk,job_e06ac3b9:57:42611
57,1208,2023-10-05,87,14.0,341,6.21,1,4,3,High-Value At-Risk,job_e06ac3b9:57:1208
63,6348,2023-10-05,87,14.0,57,6.21,3,5,5,Need Attention,job_e06ac3b9:63:6348
52,35951,2023-08-29,124,20.0,282,6.2,3,5,4,Need Attention,job_e06ac3b9:52:35951
43,21288,2023-09-29,93,15.0,254,6.2,1,3,4,High-Value At-Risk,job_e06ac3b9:43:21288
41,49236,2023-08-23,130,21.0,168,6.19,1,2,3,Average Purchaser,job_e06ac3b9:41:49236
40,49518,2023-08-23,130,21.0,189,6.19,2,3,3,Average Purchaser,job_e06ac3b9:40:49518
41,25146,2023-08-23,130,21.0,144,6.19,1,2,3,Average Purchaser,job_e06ac3b9:41:25146
28,44142,2023-08-20,133,21.5,291,6.19,3,5,4,Need Attention,job_e06ac3b9:28:44142
41,46346,2023-08-23,130,21.0,200,6.19,1,2,3,Average Purchaser,job_e06ac3b9:41:46346
58,5488,2023-08-23,130,21.0,342,6.19,4,4,3,Average Purchaser,job_e06ac3b9:58:5488
37,42289,2023-10-24,68,11.0,313,6.18,4,4,4,Champion / Loyal,job_e06ac3b9:37:42289
7,11520,2023-10-18,74,12.0,423,6.17,1,4,4,High-Value At-Risk,job_e06ac3b9:7:11520
44,47141,2023-10-15,77,12.5,336,6.16,2,1,2,Low-Value / Lost,job_e06ac3b9:44:47141
43,42625,2023-08-02,151,24.5,117,6.16,1,3,4,High-Value At-Risk,job_e06ac3b9:43:42625
16,33346,2023-08-30,123,20.0,139,6.15,2,2,3,Average Purchaser,job_e06ac3b9:16:33346
54,21908,2023-06-11,203,33.0,495,6.15,4,5,5,Champion / Loyal,job_e06ac3b9:54:21908
64,38567,2023-08-24,129,21.0,346,6.14,5,3,4,Average Purchaser,job_e06ac3b9:64:38567
52,38928,2023-08-24,129,21.0,59,6.14,3,5,4,Need Attention,job_e06ac3b9:52:38928
64,23094,2023-08-24,129,21.0,432,6.14,5,3,4,Average Purchaser,job_e06ac3b9:64:23094
64,25146,2023-08-24,129,21.0,144,6.14,5,3,4,Average Purchaser,job_e06ac3b9:64:25146
9,21108,2023-09-30,92,15.0,108,6.13,3,1,3,Need Attention,job_e06ac3b9:9:21108
48,27625,2023-09-30,92,15.0,295,6.13,1,3,3,Average Purchaser,job_e06ac3b9:48:27625
56,7401,2023-09-06,116,19.0,399,6.11,2,3,4,High-Value At-Risk,job_e06ac3b9:56:7401
42,30428,2023-07-19,165,27.0,483,6.11,5,4,4,Champion / Loyal,job_e06ac3b9:42:30428
50,40709,2023-06-22,192,31.5,286,6.1,5,5,5,Champion / Loyal,job_e06ac3b9:50:40709
27,4125,2023-08-25,128,21.0,457,6.1,3,5,5,Need Attention,job_e06ac3b9:27:4125
46,31506,2023-02-26,308,50.5,415,6.1,1,4,4,High-Value At-Risk,job_e06ac3b9:46:31506
10,13083,2023-10-25,67,11.0,146,6.09,5,2,4,New / Promising,job_e06ac3b9:10:13083
12,33443,2023-10-01,91,15.0,415,6.07,3,2,3,Need Attention,job_e06ac3b9:12:33443
42,24382,2023-07-08,176,29.0,250,6.07,5,4,4,Champion / Loyal,job_e06ac3b9:42:24382
12,38693,2023-10-01,91,15.0,101,6.07,3,2,3,Need Attention,job_e06ac3b9:12:38693
12,37646,2023-10-01,91,15.0,101,6.07,3,2,3,Need Attention,job_e06ac3b9:12:37646
21,3485,2023-07-14,170,28.0,405,6.07,3,5,4,Need Attention,job_e06ac3b9:21:3485
64,13589,2023-09-04,118,19.5,358,6.05,5,3,4,Average Purchaser,job_e06ac3b9:64:13589
14,12703,2023-09-04,118,19.5,326,6.05,2,4,4,High-Value At-Risk,job_e06ac3b9:14:12703
28,25659,2023-09-07,115,19.0,279,6.05,3,5,4,Need Attention,job_e06ac3b9:28:25659
55,16797,2023-09-07,115,19.0,432,6.05,3,2,3,Need Attention,job_e06ac3b9:55:16797
14,31717,2023-08-05,148,24.5,377,6.04,2,4,4,High-Value At-Risk,job_e06ac3b9:14:31717
28,24382,2023-07-09,175,29.0,250,6.03,3,5,4,Need Attention,job_e06ac3b9:28:24382
59,15290,2023-08-21,132,22.0,486,6.0,1,3,3,Average Purchaser,job_e06ac3b9:59:15290
35,25931,2023-08-15,138,23.0,236,6.0,1,3,4,High-Value At-Risk,job_e06ac3b9:35:25931
20,22362,2023-10-26,66,11.0,195,6.0,3,1,1,Average Purchaser,job_e06ac3b9:20:22362
27,24288,2023-07-22,162,27.0,490,6.0,3,5,5,Need Attention,job_e06ac3b9:27:24288
55,49235,2023-10-20,72,12.0,416,6.0,3,2,3,Need Attention,job_e06ac3b9:55:49235
5,20754,2023-10-20,72,12.0,188,6.0,2,1,2,Low-Value / Lost,job_e06ac3b9:5:20754
19,13822,2023-10-26,66,11.0,490,6.0,5,3,4,Average Purchaser,job_e06ac3b9:19:13822
23,28199,2023-09-05,117,19.5,404,6.0,1,1,2,Low-Value / Lost,job_e06ac3b9:23:28199
5,24231,2023-10-20,72,12.0,468,6.0,2,1,2,Low-Value / Lost,job_e06ac3b9:5:24231
43,42431,2023-09-14,108,18.0,275,6.0,1,3,4,High-Value At-Risk,job_e06ac3b9:43:42431
27,41836,2023-07-22,162,27.0,126,6.0,3,5,5,Need Attention,job_e06ac3b9:27:41836
23,15359,2023-08-27,126,21.0,332,6.0,1,1,2,Low-Value / Lost,job_e06ac3b9:23:15359
11,35948,2023-11-01,60,10.0,163,6.0,4,2,3,New / Promising,job_e06ac3b9:11:35948
59,2295,2023-08-21,132,22.0,283,6.0,1,3,3,Average Purchaser,job_e06ac3b9:59:2295
27,49174,2023-07-22,162,27.0,123,6.0,3,5,5,Need Attention,job_e06ac3b9:27:49174
22,27171,2023-08-27,126,21.0,374,6.0,1,4,3,High-Value At-Risk,job_e06ac3b9:22:27171
37,12099,2023-08-27,126,21.0,203,6.0,4,4,4,Champion / Loyal,job_e06ac3b9:37:12099
62,24852,2023-09-17,105,17.5,437,6.0,3,3,3,Need Attention,job_e06ac3b9:62:24852
27,43406,2023-06-17,197,33.0,416,5.97,3,5,5,Need Attention,job_e06ac3b9:27:43406
12,34358,2023-08-22,131,22.0,161,5.95,3,2,3,Need Attention,job_e06ac3b9:12:34358
32,14678,2023-09-21,101,17.0,337,5.94,4,2,4,New / Promising,job_e06ac3b9:32:14678
61,47766,2023-09-30,92,15.5,124,5.94,5,1,3,New / Promising,job_e06ac3b9:61:47766
35,24852,2023-09-18,104,17.5,437,5.94,1,3,4,High-Value At-Risk,job_e06ac3b9:35:24852
39,40002,2023-10-21,71,12.0,323,5.92,5,2,4,New / Promising,job_e06ac3b9:39:40002
17,42356,2023-08-05,148,25.0,52,5.92,1,5,5,High-Value At-Risk,job_e06ac3b9:17:42356
41,41220,2023-08-23,130,22.0,433,5.91,1,2,3,Average Purchaser,job_e06ac3b9:41:41220
29,9875,2023-10-27,65,11.0,132,5.91,3,4,4,Need Attention,job_e06ac3b9:29:9875
57,42828,2023-11-02,59,10.0,68,5.9,1,4,3,High-Value At-Risk,job_e06ac3b9:57:42828
50,47018,2023-09-19,103,17.5,295,5.89,5,5,5,Champion / Loyal,job_e06ac3b9:50:47018
7,45537,2023-07-25,159,27.0,239,5.89,1,4,4,High-Value At-Risk,job_e06ac3b9:7:45537
42,22819,2023-07-19,165,28.0,127,5.89,5,4,4,Champion / Loyal,job_e06ac3b9:42:22819
3,40604,2023-07-19,165,28.0,188,5.89,3,3,3,Need Attention,job_e06ac3b9:3:40604
28,26604,2023-08-09,144,24.5,388,5.88,3,5,4,Need Attention,job_e06ac3b9:28:26604
25,26128,2023-09-22,100,17.0,345,5.88,5,1,1,New / Promising,job_e06ac3b9:25:26128
48,28842,2023-06-23,191,32.5,338,5.88,1,3,3,Average Purchaser,job_e06ac3b9:48:28842
17,40592,2023-06-23,191,32.5,190,5.88,1,5,5,High-Value At-Risk,job_e06ac3b9:17:40592
35,28842,2023-06-23,191,32.5,338,5.88,1,3,4,High-Value At-Risk,job_e06ac3b9:35:28842
13,19474,2023-10-10,82,14.0,142,5.86,5,3,3,Average Purchaser,job_e06ac3b9:13:19474
36,20804,2023-06-03,211,36.0,163,5.86,2,5,4,High-Value At-Risk,job_e06ac3b9:36:20804
54,1999,2023-08-30,123,21.0,218,5.86,4,5,5,Champion / Loyal,job_e06ac3b9:54:1999
16,48171,2023-08-30,123,21.0,99,5.86,2,2,3,Average Purchaser,job_e06ac3b9:16:48171
13,7099,2023-10-10,82,14.0,243,5.86,5,3,3,Average Purchaser,job_e06ac3b9:13:7099
62,46720,2023-08-30,123,21.0,264,5.86,3,3,3,Need Attention,job_e06ac3b9:62:46720
12,16589,2023-09-05,117,20.0,86,5.85,3,2,3,Need Attention,job_e06ac3b9:12:16589
64,41950,2023-10-13,79,13.5,369,5.85,5,3,4,Average Purchaser,job_e06ac3b9:64:41950
50,48679,2023-10-16,76,13.0,338,5.85,5,5,5,Champion / Loyal,job_e06ac3b9:50:48679
27,46667,2022-12-22,374,64.0,257,5.84,3,5,5,Need Attention,job_e06ac3b9:27:46667
14,16776,2023-07-09,175,30.0,79,5.83,2,4,4,High-Value At-Risk,job_e06ac3b9:14:16776
49,44486,2023-07-18,166,28.5,471,5.82,1,3,2,Average Purchaser,job_e06ac3b9:49:44486
43,11233,2023-09-29,93,16.0,374,5.81,1,3,4,High-Value At-Risk,job_e06ac3b9:43:11233
63,7021,2023-07-04,180,31.0,184,5.81,3,5,5,Need Attention,job_e06ac3b9:63:7021
63,45613,2023-08-31,122,21.0,160,5.81,3,5,5,Need Attention,job_e06ac3b9:63:45613
45,20770,2023-10-05,87,15.0,346,5.8,3,1,1,Average Purchaser,job_e06ac3b9:45:20770
49,37646,2023-10-05,87,15.0,101,5.8,1,3,2,Average Purchaser,job_e06ac3b9:49:37646
49,47788,2023-10-05,87,15.0,430,5.8,1,3,2,Average Purchaser,job_e06ac3b9:49:47788
49,148,2023-10-05,87,15.0,84,5.8,1,3,2,Average Purchaser,job_e06ac3b9:49:148
27,20118,2023-09-06,116,20.0,344,5.8,3,5,5,Need Attention,job_e06ac3b9:27:20118
27,8385,2023-07-22,162,28.0,143,5.79,3,5,5,Need Attention,job_e06ac3b9:27:8385
31,29926,2023-09-12,110,19.0,64,5.79,4,4,5,Champion / Loyal,job_e06ac3b9:31:29926
28,39076,2023-08-20,133,23.0,318,5.78,3,5,4,Need Attention,job_e06ac3b9:28:39076
28,44761,2023-08-20,133,23.0,294,5.78,3,5,4,Need Attention,job_e06ac3b9:28:44761
27,12312,2023-02-16,318,55.0,68,5.78,3,5,5,Need Attention,job_e06ac3b9:27:12312
54,46906,2023-10-20,72,12.5,359,5.76,4,5,5,Champion / Loyal,job_e06ac3b9:54:46906
28,23338,2023-08-09,144,25.0,416,5.76,3,5,4,Need Attention,job_e06ac3b9:28:23338
27,37947,2023-09-01,121,21.0,214,5.76,3,5,5,Need Attention,job_e06ac3b9:27:37947
45,20754,2023-10-23,69,12.0,188,5.75,3,1,1,Average Purchaser,job_e06ac3b9:45:20754
55,40004,2023-09-07,115,20.0,88,5.75,3,2,3,Need Attention,job_e06ac3b9:55:40004
17,36130,2023-07-23,161,28.0,286,5.75,1,5,5,High-Value At-Risk,job_e06ac3b9:17:36130
45,45084,2023-10-23,69,12.0,57,5.75,3,1,1,Average Purchaser,job_e06ac3b9:45:45084
59,25931,2023-08-21,132,23.0,236,5.74,1,3,3,Average Purchaser,job_e06ac3b9:59:25931
23,43014,2023-09-10,112,19.5,293,5.74,1,1,2,Low-Value / Lost,job_e06ac3b9:23:43014
3,42265,2023-09-10,112,19.5,161,5.74,3,3,3,Need Attention,job_e06ac3b9:3:42265
56,12015,2023-08-27,126,22.0,444,5.73,2,3,4,High-Value At-Risk,job_e06ac3b9:56:12015
43,30406,2023-08-27,126,22.0,253,5.73,1,3,4,High-Value At-Risk,job_e06ac3b9:43:30406
37,27521,2023-08-27,126,22.0,445,5.73,4,4,4,Champion / Loyal,job_e06ac3b9:37:27521
43,17795,2023-08-27,126,22.0,124,5.73,1,3,4,High-Value At-Risk,job_e06ac3b9:43:17795
50,41844,2023-09-19,103,18.0,287,5.72,5,5,5,Champion / Loyal,job_e06ac3b9:50:41844
59,22935,2023-07-01,183,32.0,116,5.72,1,3,3,Average Purchaser,job_e06ac3b9:59:22935
42,34202,2023-06-08,206,36.0,422,5.72,5,4,4,Champion / Loyal,job_e06ac3b9:42:34202
54,32557,2023-04-12,263,46.0,478,5.72,4,5,5,Champion / Loyal,job_e06ac3b9:54:32557
54,1359,2023-07-24,160,28.0,412,5.71,4,5,5,Champion / Loyal,job_e06ac3b9:54:1359
11,8197,2023-09-02,120,21.0,482,5.71,4,2,3,New / Promising,job_e06ac3b9:11:8197
37,24852,2023-09-22,100,17.5,437,5.71,4,4,4,Champion / Loyal,job_e06ac3b9:37:24852
31,25101,2023-10-12,80,14.0,495,5.71,4,4,5,Champion / Loyal,job_e06ac3b9:31:25101
11,41290,2023-09-02,120,21.0,481,5.71,4,2,3,New / Promising,job_e06ac3b9:11:41290
32,40706,2023-08-22,131,23.0,473,5.7,4,2,4,New / Promising,job_e06ac3b9:32:40706
16,43014,2023-09-11,111,19.5,293,5.69,2,2,3,Average Purchaser,job_e06ac3b9:16:43014
16,28199,2023-09-11,111,19.5,404,5.69,2,2,3,Average Purchaser,job_e06ac3b9:16:28199
31,34234,2023-10-24,68,12.0,407,5.67,4,4,5,Champion / Loyal,job_e06ac3b9:31:34234
46,49235,2023-10-24,68,12.0,416,5.67,1,4,4,High-Value At-Risk,job_e06ac3b9:46:49235
23,3919,2023-10-10,82,14.5,387,5.66,1,1,2,Low-Value / Lost,job_e06ac3b9:23:3919
14,40162,2023-07-09,175,31.0,399,5.65,2,4,4,High-Value At-Risk,job_e06ac3b9:14:40162
14,12323,2023-07-09,175,31.0,447,5.65,2,4,4,High-Value At-Risk,job_e06ac3b9:14:12323
61,27323,2023-10-30,62,11.0,354,5.64,5,1,3,New / Promising,job_e06ac3b9:61:27323
60,40604,2023-07-26,158,28.0,188,5.64,4,3,3,Average Purchaser,job_e06ac3b9:60:40604
62,21724,2023-06-28,186,33.0,289,5.64,3,3,3,Need Attention,job_e06ac3b9:62:21724
17,36463,2023-04-27,248,44.0,354,5.64,1,5,5,High-Value At-Risk,job_e06ac3b9:17:36463
61,48183,2023-10-30,62,11.0,128,5.64,5,1,3,New / Promising,job_e06ac3b9:61:48183
35,42625,2023-08-15,138,24.5,117,5.63,1,3,4,High-Value At-Risk,job_e06ac3b9:35:42625
54,29675,2023-10-02,90,16.0,370,5.62,4,5,5,Champion / Loyal,job_e06ac3b9:54:29675
47,11204,2023-11-16,45,8.0,489,5.62,5,2,1,New / Promising,job_e06ac3b9:47:11204
14,4759,2023-09-04,118,21.0,307,5.62,2,4,4,High-Value At-Risk,job_e06ac3b9:14:4759
14,45099,2023-09-04,118,21.0,418,5.62,2,4,4,High-Value At-Risk,job_e06ac3b9:14:45099
9,8834,2023-11-05,56,10.0,426,5.6,3,1,3,Need Attention,job_e06ac3b9:9:8834
38,22922,2023-03-23,283,50.5,133,5.6,4,3,4,Average Purchaser,job_e06ac3b9:38:22922
43,48205,2023-10-08,84,15.0,316,5.6,1,3,4,High-Value At-Risk,job_e06ac3b9:43:48205
38,31506,2023-03-23,283,50.5,415,5.6,4,3,4,Average Purchaser,job_e06ac3b9:38:31506
43,38456,2023-10-08,84,15.0,235,5.6,1,3,4,High-Value At-Risk,job_e06ac3b9:43:38456
9,42828,2023-11-05,56,10.0,68,5.6,3,1,3,Need Attention,job_e06ac3b9:9:42828
9,40571,2023-11-05,56,10.0,467,5.6,3,1,3,Need Attention,job_e06ac3b9:9:40571
36,30599,2023-02-18,316,56.5,472,5.59,2,5,4,High-Value At-Risk,job_e06ac3b9:36:30599
62,36695,2023-08-30,123,22.0,177,5.59,3,3,3,Need Attention,job_e06ac3b9:62:36695
10,44359,2023-10-25,67,12.0,452,5.58,5,2,4,New / Promising,job_e06ac3b9:10:44359
10,19678,2023-10-25,67,12.0,68,5.58,5,2,4,New / Promising,job_e06ac3b9:10:19678
35,42450,2023-08-19,134,24.0,287,5.58,1,3,4,High-Value At-Risk,job_e06ac3b9:35:42450
14,32158,2023-08-05,148,26.5,101,5.58,2,4,4,High-Value At-Risk,job_e06ac3b9:14:32158
2,3151,2023-10-14,78,14.0,491,5.57,5,4,4,Champion / Loyal,job_e06ac3b9:2:3151
23,23106,2023-09-05,117,21.0,435,5.57,1,1,2,Low-Value / Lost,job_e06ac3b9:23:23106
59,8021,2023-07-03,181,32.5,218,5.57,1,3,3,Average Purchaser,job_e06ac3b9:59:8021
23,3108,2023-09-05,117,21.0,139,5.57,1,1,2,Low-Value / Lost,job_e06ac3b9:23:3108
2,32052,2023-08-03,150,27.0,153,5.56,5,4,4,Champion / Loyal,job_e06ac3b9:2:32052
2,48110,2023-08-03,150,27.0,442,5.56,5,4,4,Champion / Loyal,job_e06ac3b9:2:48110
16,43858,2023-09-11,111,20.0,199,5.55,2,2,3,Average Purchaser,job_e06ac3b9:16:43858
54,28842,2023-07-04,180,32.5,338,5.54,4,5,5,Champion / Loyal,job_e06ac3b9:54:28842
27,26292,2023-04-20,255,46.0,418,5.54,3,5,5,Need Attention,job_e06ac3b9:27:26292
3,49683,2023-08-09,144,26.0,193,5.54,3,3,3,Need Attention,job_e06ac3b9:3:49683
52,10606,2023-09-28,94,17.0,470,5.53,3,5,4,Need Attention,job_e06ac3b9:52:10606
8,6473,2023-10-09,83,15.0,335,5.53,4,1,2,New / Promising,job_e06ac3b9:8:6473
50,34126,2023-09-06,116,21.0,78,5.52,5,5,5,Champion / Loyal,job_e06ac3b9:50:34126
35,32611,2023-08-15,138,25.0,362,5.52,1,3,4,High-Value At-Risk,job_e06ac3b9:35:32611
37,18889,2023-03-27,279,50.5,68,5.52,4,4,4,Champion / Loyal,job_e06ac3b9:37:18889
37,45200,2023-09-01,121,22.0,421,5.5,4,4,4,Champion / Loyal,job_e06ac3b9:37:45200
17,2927,2023-05-03,242,44.0,152,5.5,1,5,5,High-Value At-Risk,job_e06ac3b9:17:2927
44,33663,2023-09-15,107,19.5,417,5.49,2,1,2,Low-Value / Lost,job_e06ac3b9:44:33663
44,18653,2023-09-15,107,19.5,83,5.49,2,1,2,Low-Value / Lost,job_e06ac3b9:44:18653
44,10151,2023-09-15,107,19.5,188,5.49,2,1,2,Low-Value / Lost,job_e06ac3b9:44:10151
38,18849,2023-07-03,181,33.0,70,5.48,4,3,4,Average Purchaser,job_e06ac3b9:38:18849
29,32987,2023-09-29,93,17.0,152,5.47,3,4,4,Need Attention,job_e06ac3b9:29:32987
54,24279,2023-08-30,123,22.5,300,5.47,4,5,5,Champion / Loyal,job_e06ac3b9:54:24279
62,26620,2023-08-30,123,22.5,456,5.47,3,3,3,Need Attention,job_e06ac3b9:62:26620
38,47209,2023-10-10,82,15.0,180,5.47,4,3,4,Average Purchaser,job_e06ac3b9:38:47209
23,48205,2023-10-10,82,15.0,316,5.47,1,1,2,Low-Value / Lost,job_e06ac3b9:23:48205
57,46440,2023-07-20,164,30.0,478,5.47,1,4,3,High-Value At-Risk,job_e06ac3b9:57:46440
35,39275,2023-09-18,104,19.0,188,5.47,1,3,4,High-Value At-Risk,job_e06ac3b9:35:39275
38,8854,2023-07-31,153,28.0,329,5.46,4,3,4,Average Purchaser,job_e06ac3b9:38:8854
38,42342,2023-07-31,153,28.0,269,5.46,4,3,4,Average Purchaser,job_e06ac3b9:38:42342
40,4193,2023-08-11,142,26.0,213,5.46,2,3,3,Average Purchaser,job_e06ac3b9:40:4193
32,38984,2023-09-21,101,18.5,195,5.46,4,2,4,New / Promising,job_e06ac3b9:32:38984
36,4406,2023-07-04,180,33.0,201,5.45,2,5,4,High-Value At-Risk,job_e06ac3b9:36:4406
27,6948,2023-09-13,109,20.0,161,5.45,3,5,5,Need Attention,job_e06ac3b9:27:6948
46,24097,2023-05-06,239,44.0,216,5.43,1,4,4,High-Value At-Risk,job_e06ac3b9:46:24097
46,15017,2023-05-06,239,44.0,407,5.43,1,4,4,High-Value At-Risk,job_e06ac3b9:46:15017
9,16018,2023-09-30,92,17.0,249,5.41,3,1,3,Need Attention,job_e06ac3b9:9:16018
61,13260,2023-09-30,92,17.0,441,5.41,5,1,3,New / Promising,job_e06ac3b9:61:13260
58,2708,2023-09-30,92,17.0,108,5.41,4,4,3,Average Purchaser,job_e06ac3b9:58:2708
9,27690,2023-09-30,92,17.0,76,5.41,3,1,3,Need Attention,job_e06ac3b9:9:27690
9,5194,2023-09-30,92,17.0,299,5.41,3,1,3,Need Attention,job_e06ac3b9:9:5194
61,3101,2023-09-30,92,17.0,176,5.41,5,1,3,New / Promising,job_e06ac3b9:61:3101
31,12440,2023-11-07,54,10.0,463,5.4,4,4,5,Champion / Loyal,job_e06ac3b9:31:12440
32,49478,2023-10-11,81,15.0,499,5.4,4,2,4,New / Promising,job_e06ac3b9:32:49478
54,32463,2023-03-09,297,55.0,81,5.4,4,5,5,Champion / Loyal,job_e06ac3b9:54:32463
41,17835,2023-09-14,108,20.0,74,5.4,1,2,3,Average Purchaser,job_e06ac3b9:41:17835
48,33731,2023-08-18,135,25.0,490,5.4,1,3,3,Average Purchaser,job_e06ac3b9:48:33731
15,1747,2023-10-11,81,15.0,316,5.4,2,4,3,High-Value At-Risk,job_e06ac3b9:15:1747
43,27676,2023-08-02,151,28.0,104,5.39,1,3,4,High-Value At-Risk,job_e06ac3b9:43:27676
31,33846,2023-08-24,129,24.0,194,5.38,4,4,5,Champion / Loyal,job_e06ac3b9:31:33846
2,12258,2023-10-14,78,14.5,317,5.38,5,4,4,Champion / Loyal,job_e06ac3b9:2:12258
54,16797,2023-09-20,102,19.0,432,5.37,4,5,5,Champion / Loyal,job_e06ac3b9:54:16797
14,19003,2023-09-04,118,22.0,341,5.36,2,4,4,High-Value At-Risk,job_e06ac3b9:14:19003
14,28601,2023-09-04,118,22.0,466,5.36,2,4,4,High-Value At-Risk,job_e06ac3b9:14:28601
2,14306,2023-08-03,150,28.0,312,5.36,5,4,4,Champion / Loyal,job_e06ac3b9:2:14306
14,24622,2023-09-04,118,22.0,141,5.36,2,4,4,High-Value At-Risk,job_e06ac3b9:14:24622
55,21333,2023-11-02,59,11.0,365,5.36,3,2,3,Need Attention,job_e06ac3b9:55:21333
7,10895,2023-08-03,150,28.0,326,5.36,1,4,4,High-Value At-Risk,job_e06ac3b9:7:10895
22,14678,2023-10-01,91,17.0,337,5.35,1,4,3,High-Value At-Risk,job_e06ac3b9:22:14678
38,28123,2023-10-01,91,17.0,94,5.35,4,3,4,Average Purchaser,job_e06ac3b9:38:28123
21,36076,2023-09-15,107,20.0,424,5.35,3,5,4,Need Attention,job_e06ac3b9:21:36076
14,40286,2023-05-10,235,44.0,396,5.34,2,4,4,High-Value At-Risk,job_e06ac3b9:14:40286
14,1958,2023-05-10,235,44.0,214,5.34,2,4,4,High-Value At-Risk,job_e06ac3b9:14:1958
14,2927,2023-05-10,235,44.0,152,5.34,2,4,4,High-Value At-Risk,job_e06ac3b9:14:2927
31,6350,2023-09-10,112,21.0,132,5.33,4,4,5,Champion / Loyal,job_e06ac3b9:31:6350
31,21471,2023-09-10,112,21.0,464,5.33,4,4,5,Champion / Loyal,job_e06ac3b9:31:21471
39,44359,2023-10-28,64,12.0,452,5.33,5,2,4,New / Promising,job_e06ac3b9:39:44359
56,3583,2023-11-05,56,10.5,432,5.33,2,3,4,High-Value At-Risk,job_e06ac3b9:56:3583
31,38175,2023-09-10,112,21.0,309,5.33,4,4,5,Champion / Loyal,job_e06ac3b9:31:38175
53,45541,2023-10-28,64,12.0,368,5.33,4,1,2,New / Promising,job_e06ac3b9:53:45541
23,17303,2023-09-10,112,21.0,268,5.33,1,1,2,Low-Value / Lost,job_e06ac3b9:23:17303
31,27726,2023-10-12,80,15.0,237,5.33,4,4,5,Champion / Loyal,job_e06ac3b9:31:27726
55,21116,2023-07-19,165,31.0,236,5.32,3,2,3,Need Attention,job_e06ac3b9:55:21116
32,5134,2023-09-21,101,19.0,74,5.32,4,2,4,New / Promising,job_e06ac3b9:32:5134
49,21938,2023-09-05,117,22.0,471,5.32,1,3,2,Average Purchaser,job_e06ac3b9:49:21938
56,20082,2023-10-23,69,13.0,213,5.31,2,3,4,High-Value At-Risk,job_e06ac3b9:56:20082
35,26209,2023-08-15,138,26.0,314,5.31,1,3,4,High-Value At-Risk,job_e06ac3b9:35:26209
36,29675,2023-10-07,85,16.0,370,5.31,2,5,4,High-Value At-Risk,job_e06ac3b9:36:29675
63,22922,2023-04-07,268,50.5,133,5.31,3,5,5,Need Attention,job_e06ac3b9:63:22922
27,40571,2023-11-08,53,10.0,467,5.3,3,5,5,Need Attention,job_e06ac3b9:27:40571
2,19051,2023-09-16,106,20.0,85,5.3,5,4,4,Champion / Loyal,job_e06ac3b9:2:19051
7,8277,2023-10-18,74,14.0,155,5.29,1,4,4,High-Value At-Risk,job_e06ac3b9:7:8277
54,12206,2023-03-07,299,56.5,386,5.29,4,5,5,Champion / Loyal,job_e06ac3b9:54:12206
46,26152,2023-09-11,111,21.0,55,5.29,1,4,4,High-Value At-Risk,job_e06ac3b9:46:26152
31,20947,2023-10-18,74,14.0,408,5.29,4,4,5,Champion / Loyal,job_e06ac3b9:31:20947
43,18104,2023-09-11,111,21.0,132,5.29,1,3,4,High-Value At-Risk,job_e06ac3b9:43:18104
14,45407,2023-08-05,148,28.0,223,5.29,2,4,4,High-Value At-Risk,job_e06ac3b9:14:45407
44,2855,2023-08-16,137,26.0,254,5.27,2,1,2,Low-Value / Lost,job_e06ac3b9:44:2855
48,32177,2023-10-13,79,15.0,415,5.27,1,3,3,Average Purchaser,job_e06ac3b9:48:32177
10,11782,2023-10-13,79,15.0,119,5.27,5,2,4,New / Promising,job_e06ac3b9:10:11782
63,15438,2023-05-13,232,44.0,126,5.27,3,5,5,Need Attention,job_e06ac3b9:63:15438
31,10755,2023-09-17,105,20.0,466,5.25,4,4,5,Champion / Loyal,job_e06ac3b9:31:10755
31,19677,2023-09-17,105,20.0,454,5.25,4,4,5,Champion / Loyal,job_e06ac3b9:31:19677
29,26360,2023-09-12,110,21.0,380,5.24,3,4,4,Need Attention,job_e06ac3b9:29:26360
33,47145,2023-09-20,102,19.5,126,5.23,1,1,2,Low-Value / Lost,job_e06ac3b9:33:47145
7,42265,2023-09-20,102,19.5,161,5.23,1,4,4,High-Value At-Risk,job_e06ac3b9:7:42265
63,46075,2023-08-17,136,26.0,62,5.23,3,5,5,Need Attention,job_e06ac3b9:63:46075
54,15592,2023-09-20,102,19.5,457,5.23,4,5,5,Champion / Loyal,job_e06ac3b9:54:15592
63,6719,2023-08-17,136,26.0,320,5.23,3,5,5,Need Attention,job_e06ac3b9:63:6719
59,5605,2023-08-07,146,28.0,300,5.21,1,3,3,Average Purchaser,job_e06ac3b9:59:5605
11,35738,2023-08-07,146,28.0,362,5.21,4,2,3,New / Promising,job_e06ac3b9:11:35738
59,33401,2023-08-07,146,28.0,94,5.21,1,3,3,Average Purchaser,job_e06ac3b9:59:33401
11,35765,2023-08-07,146,28.0,139,5.21,4,2,3,New / Promising,job_e06ac3b9:11:35765
58,32476,2023-08-15,138,26.5,237,5.21,4,4,3,Average Purchaser,job_e06ac3b9:58:32476
51,20115,2023-11-09,52,10.0,377,5.2,5,1,1,New / Promising,job_e06ac3b9:51:20115
2,10305,2023-10-14,78,15.0,446,5.2,5,4,4,Champion / Loyal,job_e06ac3b9:2:10305
51,445,2023-11-09,52,10.0,385,5.2,5,1,1,New / Promising,job_e06ac3b9:51:445
32,22849,2023-09-21,101,19.5,477,5.18,4,2,4,New / Promising,job_e06ac3b9:32:22849
32,15592,2023-09-21,101,19.5,457,5.18,4,2,4,New / Promising,job_e06ac3b9:32:15592
32,32864,2023-09-21,101,19.5,108,5.18,4,2,4,New / Promising,job_e06ac3b9:32:32864
7,40852,2023-11-04,57,11.0,228,5.18,1,4,4,High-Value At-Risk,job_e06ac3b9:7:40852
43,47941,2023-09-29,93,18.0,106,5.17,1,3,4,High-Value At-Risk,job_e06ac3b9:43:47941
49,4317,2023-08-06,147,28.5,157,5.16,1,3,2,Average Purchaser,job_e06ac3b9:49:4317
50,44629,2023-09-24,98,19.0,461,5.16,5,5,5,Champion / Loyal,job_e06ac3b9:50:44629
16,36772,2023-09-11,111,21.5,244,5.16,2,2,3,Average Purchaser,job_e06ac3b9:16:36772
21,42666,2023-09-24,98,19.0,200,5.16,3,5,4,Need Attention,job_e06ac3b9:21:42666
35,21267,2023-08-19,134,26.0,388,5.15,1,3,4,High-Value At-Risk,job_e06ac3b9:35:21267
54,47325,2023-10-20,72,14.0,152,5.14,4,5,5,Champion / Loyal,job_e06ac3b9:54:47325
43,9360,2023-09-14,108,21.0,203,5.14,1,3,4,High-Value At-Risk,job_e06ac3b9:43:9360
43,9314,2023-09-14,108,21.0,134,5.14,1,3,4,High-Value At-Risk,job_e06ac3b9:43:9314
43,9124,2023-09-14,108,21.0,301,5.14,1,3,4,High-Value At-Risk,job_e06ac3b9:43:9124
63,24184,2023-09-09,113,22.0,138,5.14,3,5,5,Need Attention,job_e06ac3b9:63:24184
43,21243,2023-09-14,108,21.0,435,5.14,1,3,4,High-Value At-Risk,job_e06ac3b9:43:21243
43,5952,2023-09-14,108,21.0,139,5.14,1,3,4,High-Value At-Risk,job_e06ac3b9:43:5952
43,44536,2023-09-14,108,21.0,403,5.14,1,3,4,High-Value At-Risk,job_e06ac3b9:43:44536
12,28985,2023-08-22,131,25.5,309,5.14,3,2,3,Need Attention,job_e06ac3b9:12:28985
41,1987,2023-09-14,108,21.0,496,5.14,1,2,3,Average Purchaser,job_e06ac3b9:41:1987
55,41273,2023-09-22,100,19.5,272,5.13,3,2,3,Need Attention,job_e06ac3b9:55:41273
35,27229,2023-07-15,169,33.0,119,5.12,1,3,4,High-Value At-Risk,job_e06ac3b9:35:27229
35,6384,2023-08-15,138,27.0,174,5.11,1,3,4,High-Value At-Risk,job_e06ac3b9:35:6384
61,6187,2023-09-30,92,18.0,324,5.11,5,1,3,New / Promising,job_e06ac3b9:61:6187
55,5770,2023-09-07,115,22.5,371,5.11,3,2,3,Need Attention,job_e06ac3b9:55:5770
61,41844,2023-09-30,92,18.0,287,5.11,5,1,3,New / Promising,job_e06ac3b9:61:41844
44,43632,2023-09-15,107,21.0,363,5.1,2,1,2,Low-Value / Lost,job_e06ac3b9:44:43632
17,25307,2023-09-15,107,21.0,106,5.1,1,5,5,High-Value At-Risk,job_e06ac3b9:17:25307
60,47766,2023-10-13,79,15.5,124,5.1,4,3,3,Average Purchaser,job_e06ac3b9:60:47766
52,5312,2023-11-05,56,11.0,154,5.09,3,5,4,Need Attention,job_e06ac3b9:52:5312
57,29487,2023-09-10,112,22.0,62,5.09,1,4,3,High-Value At-Risk,job_e06ac3b9:57:29487
23,3243,2023-09-10,112,22.0,304,5.09,1,1,2,Low-Value / Lost,job_e06ac3b9:23:3243
58,8536,2023-09-23,99,19.5,482,5.08,4,4,3,Average Purchaser,job_e06ac3b9:58:8536
1,26405,2023-07-19,165,32.5,472,5.08,2,3,2,Average Purchaser,job_e06ac3b9:1:26405
52,11266,2023-09-28,94,18.5,121,5.08,3,5,4,Need Attention,job_e06ac3b9:52:11266
3,8021,2023-07-19,165,32.5,218,5.08,3,3,3,Need Attention,job_e06ac3b9:3:8021
12,11520,2023-10-31,61,12.0,423,5.08,3,2,3,Need Attention,job_e06ac3b9:12:11520
35,7969,2023-10-16,76,15.0,188,5.07,1,3,4,High-Value At-Risk,job_e06ac3b9:35:7969
40,28928,2023-08-11,142,28.0,153,5.07,2,3,3,Average Purchaser,job_e06ac3b9:40:28928
2,45066,2023-07-07,177,35.0,399,5.06,5,4,4,Champion / Loyal,job_e06ac3b9:2:45066
56,38067,2023-09-16,106,21.0,395,5.05,2,3,4,High-Value At-Risk,job_e06ac3b9:56:38067
32,7963,2023-09-21,101,20.0,272,5.05,4,2,4,New / Promising,job_e06ac3b9:32:7963
16,30406,2023-09-11,111,22.0,253,5.05,2,2,3,Average Purchaser,job_e06ac3b9:16:30406
46,44626,2023-08-12,141,28.0,235,5.04,1,4,4,High-Value At-Risk,job_e06ac3b9:46:44626
38,18840,2023-07-03,181,36.0,491,5.03,4,3,4,Average Purchaser,job_e06ac3b9:38:18840
21,10151,2023-09-24,98,19.5,188,5.03,3,5,4,Need Attention,job_e06ac3b9:21:10151
16,13780,2023-08-30,123,24.5,463,5.02,2,2,3,Average Purchaser,job_e06ac3b9:16:13780
54,1529,2023-08-30,123,24.5,423,5.02,4,5,5,Champion / Loyal,job_e06ac3b9:54:1529
43,47472,2023-09-14,108,21.5,231,5.02,1,3,4,High-Value At-Risk,job_e06ac3b9:43:47472
43,46981,2023-09-14,108,21.5,101,5.02,1,3,4,High-Value At-Risk,job_e06ac3b9:43:46981
27,4462,2023-10-22,70,14.0,247,5.0,3,5,5,Need Attention,job_e06ac3b9:27:4462
31,100,2023-09-17,105,21.0,184,5.0,4,4,5,Champion / Loyal,job_e06ac3b9:31:100
31,27687,2023-09-17,105,21.0,462,5.0,4,4,5,Champion / Loyal,job_e06ac3b9:31:27687
37,29898,2023-05-25,220,44.0,67,5.0,4,4,4,Champion / Loyal,job_e06ac3b9:37:29898
31,9694,2023-09-17,105,21.0,447,5.0,4,4,5,Champion / Loyal,job_e06ac3b9:31:9694
28,23165,2023-11-21,40,8.0,120,5.0,3,5,4,Need Attention,job_e06ac3b9:28:23165
7,274,2023-05-15,230,46.0,167,5.0,1,4,4,High-Value At-Risk,job_e06ac3b9:7:274
32,6069,2023-11-11,50,10.0,269,5.0,4,2,4,New / Promising,job_e06ac3b9:32:6069
9,45045,2023-09-30,92,18.5,194,4.97,3,1,3,Need Attention,job_e06ac3b9:9:45045
9,19627,2023-09-30,92,18.5,499,4.97,3,1,3,Need Attention,job_e06ac3b9:9:19627
9,43875,2023-09-30,92,18.5,433,4.97,3,1,3,Need Attention,job_e06ac3b9:9:43875
9,47167,2023-09-30,92,18.5,97,4.97,3,1,3,Need Attention,job_e06ac3b9:9:47167
10,5450,2023-10-25,67,13.5,459,4.96,5,2,4,New / Promising,job_e06ac3b9:10:5450
27,45123,2023-08-24,129,26.0,488,4.96,3,5,5,Need Attention,job_e06ac3b9:27:45123
26,21709,2023-08-29,124,25.0,271,4.96,5,3,2,Average Purchaser,job_e06ac3b9:26:21709
60,5684,2023-08-19,134,27.0,473,4.96,4,3,3,Average Purchaser,job_e06ac3b9:60:5684
42,79,2023-08-12,141,28.5,121,4.95,5,4,4,Champion / Loyal,job_e06ac3b9:42:79
64,9124,2023-09-18,104,21.0,301,4.95,5,3,4,Average Purchaser,job_e06ac3b9:64:9124
35,6111,2023-09-18,104,21.0,390,4.95,1,3,4,High-Value At-Risk,job_e06ac3b9:35:6111
43,6074,2023-10-08,84,17.0,335,4.94,1,3,4,High-Value At-Risk,job_e06ac3b9:43:6074
28,28204,2023-10-03,89,18.0,187,4.94,3,5,4,Need Attention,job_e06ac3b9:28:28204
57,41896,2023-10-23,69,14.0,478,4.93,1,4,3,High-Value At-Risk,job_e06ac3b9:57:41896
29,43928,2023-08-15,138,28.0,415,4.93,3,4,4,Need Attention,job_e06ac3b9:29:43928
14,13966,2023-11-02,59,12.0,359,4.92,2,4,4,High-Value At-Risk,job_e06ac3b9:14:13966
48,26298,2023-07-22,162,33.0,76,4.91,1,3,3,Average Purchaser,job_e06ac3b9:48:26298
21,29127,2023-09-24,98,20.0,453,4.9,3,5,4,Need Attention,job_e06ac3b9:21:29127
60,5428,2023-11-12,49,10.0,246,4.9,4,3,3,Average Purchaser,job_e06ac3b9:60:5428
28,20588,2023-09-24,98,20.0,254,4.9,3,5,4,Need Attention,job_e06ac3b9:28:20588
37,13932,2023-07-08,176,36.0,110,4.89,4,4,4,Champion / Loyal,job_e06ac3b9:37:13932
27,27086,2023-11-17,44,9.0,288,4.89,3,5,5,Need Attention,job_e06ac3b9:27:27086
44,28560,2023-08-16,137,28.0,180,4.89,2,1,2,Low-Value / Lost,job_e06ac3b9:44:28560
35,10644,2023-04-28,247,50.5,260,4.89,1,3,4,High-Value At-Risk,job_e06ac3b9:35:10644
19,11749,2023-10-26,66,13.5,262,4.89,5,3,4,Average Purchaser,job_e06ac3b9:19:11749
44,1263,2023-08-16,137,28.0,113,4.89,2,1,2,Low-Value / Lost,job_e06ac3b9:44:1263
40,5450,2023-10-26,66,13.5,459,4.89,2,3,3,Average Purchaser,job_e06ac3b9:40:5450
24,16797,2023-09-29,93,19.0,432,4.89,2,4,2,High-Value At-Risk,job_e06ac3b9:24:16797
35,31506,2023-04-28,247,50.5,415,4.89,1,3,4,High-Value At-Risk,job_e06ac3b9:35:31506
43,16797,2023-09-29,93,19.0,432,4.89,1,3,4,High-Value At-Risk,job_e06ac3b9:43:16797
52,3298,2023-08-16,137,28.0,460,4.89,3,5,4,Need Attention,job_e06ac3b9:52:3298
12,42450,2023-09-05,117,24.0,287,4.88,3,2,3,Need Attention,job_e06ac3b9:12:42450
54,41658,2023-10-14,78,16.0,356,4.88,4,5,5,Champion / Loyal,job_e06ac3b9:54:41658
54,7628,2023-10-14,78,16.0,270,4.88,4,5,5,Champion / Loyal,job_e06ac3b9:54:7628
8,24838,2023-10-09,83,17.0,316,4.88,4,1,2,New / Promising,job_e06ac3b9:8:24838
63,47209,2023-10-19,73,15.0,180,4.87,3,5,5,Need Attention,job_e06ac3b9:63:47209
43,8670,2023-08-02,151,31.0,242,4.87,1,3,4,High-Value At-Risk,job_e06ac3b9:43:8670
43,15664,2023-08-02,151,31.0,104,4.87,1,3,4,High-Value At-Risk,job_e06ac3b9:43:15664
46,13802,2023-06-10,204,42.0,466,4.86,1,4,4,High-Value At-Risk,job_e06ac3b9:46:13802
31,2870,2023-10-24,68,14.0,410,4.86,4,4,5,Champion / Loyal,job_e06ac3b9:31:2870
29,33161,2023-08-15,138,28.5,341,4.84,3,4,4,Need Attention,job_e06ac3b9:29:33161
28,10644,2023-05-01,244,50.5,260,4.83,3,5,4,Need Attention,job_e06ac3b9:28:10644
19,23483,2023-11-03,58,12.0,319,4.83,5,3,4,Average Purchaser,job_e06ac3b9:19:23483
19,1241,2023-11-03,58,12.0,197,4.83,5,3,4,Average Purchaser,job_e06ac3b9:19:1241
31,40310,2023-08-18,135,28.0,54,4.82,4,4,5,Champion / Loyal,job_e06ac3b9:31:40310
16,28985,2023-08-30,123,25.5,309,4.82,2,2,3,Average Purchaser,job_e06ac3b9:16:28985
31,36099,2023-08-18,135,28.0,206,4.82,4,4,5,Champion / Loyal,job_e06ac3b9:31:36099
48,5621,2023-08-18,135,28.0,328,4.82,1,3,3,Average Purchaser,job_e06ac3b9:48:5621
32,45007,2023-09-21,101,21.0,150,4.81,4,2,4,New / Promising,job_e06ac3b9:32:45007
32,12745,2023-09-21,101,21.0,323,4.81,4,2,4,New / Promising,job_e06ac3b9:32:12745
63,30839,2023-09-21,101,21.0,265,4.81,3,5,5,Need Attention,job_e06ac3b9:63:30839
40,28597,2023-08-23,130,27.0,339,4.81,2,3,3,Average Purchaser,job_e06ac3b9:40:28597
63,20670,2023-09-21,101,21.0,167,4.81,3,5,5,Need Attention,job_e06ac3b9:63:20670
38,9666,2023-08-28,125,26.0,152,4.81,4,3,4,Average Purchaser,job_e06ac3b9:38:9666
32,9934,2023-09-21,101,21.0,414,4.81,4,2,4,New / Promising,job_e06ac3b9:32:9934
48,5450,2023-10-27,65,13.5,459,4.81,1,3,3,Average Purchaser,job_e06ac3b9:48:5450
32,34126,2023-09-21,101,21.0,78,4.81,4,2,4,New / Promising,job_e06ac3b9:32:34126
11,33731,2023-09-02,120,25.0,490,4.8,4,2,3,New / Promising,job_e06ac3b9:11:33731
28,32734,2023-06-03,211,44.0,354,4.8,3,5,4,Need Attention,job_e06ac3b9:28:32734
33,7969,2023-10-20,72,15.0,188,4.8,1,1,2,Low-Value / Lost,job_e06ac3b9:33:7969
43,24852,2023-10-08,84,17.5,437,4.8,1,3,4,High-Value At-Risk,job_e06ac3b9:43:24852
3,1005,2023-10-25,67,14.0,353,4.79,3,3,3,Need Attention,job_e06ac3b9:3:1005
63,42768,2023-04-07,268,56.0,134,4.79,3,5,5,Need Attention,job_e06ac3b9:63:42768
64,9550,2023-08-24,129,27.0,482,4.78,5,3,4,Average Purchaser,job_e06ac3b9:64:9550
64,34262,2023-08-24,129,27.0,275,4.78,5,3,4,Average Purchaser,job_e06ac3b9:64:34262
54,16808,2023-04-12,263,55.0,368,4.78,4,5,5,Champion / Loyal,job_e06ac3b9:54:16808
5,28289,2023-09-29,93,19.5,243,4.77,2,1,2,Low-Value / Lost,job_e06ac3b9:5:28289
31,42562,2023-10-30,62,13.0,75,4.77,4,4,5,Champion / Loyal,job_e06ac3b9:31:42562
24,37687,2023-09-29,93,19.5,86,4.77,2,4,2,High-Value At-Risk,job_e06ac3b9:24:37687
31,10246,2023-09-17,105,22.0,222,4.77,4,4,5,Champion / Loyal,job_e06ac3b9:31:10246
61,26135,2023-10-30,62,13.0,438,4.77,5,1,3,New / Promising,job_e06ac3b9:61:26135
59,13176,2023-10-30,62,13.0,303,4.77,1,3,3,Average Purchaser,job_e06ac3b9:59:13176
29,15293,2023-09-29,93,19.5,352,4.77,3,4,4,Need Attention,job_e06ac3b9:29:15293
43,12285,2023-08-17,136,28.5,138,4.77,1,3,4,High-Value At-Risk,job_e06ac3b9:43:12285
42,26312,2023-09-29,93,19.5,326,4.77,5,4,4,Champion / Loyal,job_e06ac3b9:42:26312
43,8400,2023-08-17,136,28.5,440,4.77,1,3,4,High-Value At-Risk,job_e06ac3b9:43:8400
59,21137,2023-10-30,62,13.0,113,4.77,1,3,3,Average Purchaser,job_e06ac3b9:59:21137
15,37710,2023-10-11,81,17.0,95,4.76,2,4,3,High-Value At-Risk,job_e06ac3b9:15:37710
52,18000,2023-10-23,69,14.5,315,4.76,3,5,4,Need Attention,job_e06ac3b9:52:18000
25,22451,2023-09-22,100,21.0,297,4.76,5,1,1,New / Promising,job_e06ac3b9:25:22451
25,11734,2023-09-22,100,21.0,471,4.76,5,1,1,New / Promising,job_e06ac3b9:25:11734
56,42356,2023-09-03,119,25.0,52,4.76,2,3,4,High-Value At-Risk,job_e06ac3b9:56:42356
54,46045,2023-06-14,200,42.0,283,4.76,4,5,5,Champion / Loyal,job_e06ac3b9:54:46045
28,41483,2023-08-20,133,28.0,319,4.75,3,5,4,Need Attention,job_e06ac3b9:28:41483
50,5922,2023-09-27,95,20.0,64,4.75,5,5,5,Champion / Loyal,job_e06ac3b9:50:5922
31,24117,2023-09-27,95,20.0,125,4.75,4,4,5,Champion / Loyal,job_e06ac3b9:31:24117
56,3822,2023-10-02,90,19.0,392,4.74,2,3,4,High-Value At-Risk,job_e06ac3b9:56:3822
17,12720,2023-06-15,199,42.0,343,4.74,1,5,5,High-Value At-Risk,job_e06ac3b9:17:12720
14,20938,2023-11-09,52,11.0,95,4.73,2,4,4,High-Value At-Risk,job_e06ac3b9:14:20938
64,5825,2023-09-18,104,22.0,312,4.73,5,3,4,Average Purchaser,job_e06ac3b9:64:5825
62,26209,2023-08-30,123,26.0,314,4.73,3,3,3,Need Attention,job_e06ac3b9:62:26209
35,13988,2023-09-18,104,22.0,117,4.73,1,3,4,High-Value At-Risk,job_e06ac3b9:35:13988
50,8774,2023-11-09,52,11.0,416,4.73,5,5,5,Champion / Loyal,job_e06ac3b9:50:8774
1,30450,2023-06-20,194,41.0,457,4.73,2,3,2,Average Purchaser,job_e06ac3b9:1:30450
55,46906,2023-11-02,59,12.5,359,4.72,3,2,3,Need Attention,job_e06ac3b9:55:46906
44,9513,2023-08-16,137,29.0,237,4.72,2,1,2,Low-Value / Lost,job_e06ac3b9:44:9513
17,40203,2023-09-04,118,25.0,360,4.72,1,5,5,High-Value At-Risk,job_e06ac3b9:17:40203
38,21709,2023-09-04,118,25.0,271,4.72,4,3,4,Average Purchaser,job_e06ac3b9:38:21709
54,44626,2023-08-21,132,28.0,235,4.71,4,5,5,Champion / Loyal,job_e06ac3b9:54:44626
42,37055,2023-08-21,132,28.0,437,4.71,5,4,4,Champion / Loyal,job_e06ac3b9:42:37055
38,2086,2023-07-31,153,32.5,387,4.71,4,3,4,Average Purchaser,job_e06ac3b9:38:2086
63,42342,2023-08-21,132,28.0,269,4.71,3,5,5,Need Attention,job_e06ac3b9:63:42342
29,48800,2023-11-07,54,11.5,349,4.7,3,4,4,Need Attention,job_e06ac3b9:29:48800
53,36780,2023-11-14,47,10.0,490,4.7,4,1,2,New / Promising,job_e06ac3b9:53:36780
53,13245,2023-11-14,47,10.0,303,4.7,4,1,2,New / Promising,job_e06ac3b9:53:13245
62,7628,2023-10-17,75,16.0,270,4.69,3,3,3,Need Attention,job_e06ac3b9:62:7628
40,14467,2023-08-31,122,26.0,222,4.69,2,3,3,Average Purchaser,job_e06ac3b9:40:14467
12,13176,2023-10-31,61,13.0,303,4.69,3,2,3,Need Attention,job_e06ac3b9:12:13176
43,45066,2023-07-20,164,35.0,399,4.69,1,3,4,High-Value At-Risk,job_e06ac3b9:43:45066
32,42342,2023-08-22,131,28.0,269,4.68,4,2,4,New / Promising,job_e06ac3b9:32:42342
32,23765,2023-08-22,131,28.0,345,4.68,4,2,4,New / Promising,job_e06ac3b9:32:23765
29,20874,2023-08-22,131,28.0,400,4.68,3,4,4,Need Attention,job_e06ac3b9:29:20874
27,3098,2023-04-06,269,57.5,306,4.68,3,5,5,Need Attention,job_e06ac3b9:27:3098
32,39732,2023-08-22,131,28.0,61,4.68,4,2,4,New / Promising,job_e06ac3b9:32:39732
56,44303,2023-09-24,98,21.0,142,4.67,2,3,4,High-Value At-Risk,job_e06ac3b9:56:44303
22,16987,2023-08-27,126,27.0,296,4.67,1,4,3,High-Value At-Risk,job_e06ac3b9:22:16987
50,36127,2023-09-24,98,21.0,439,4.67,5,5,5,Champion / Loyal,job_e06ac3b9:50:36127
22,36311,2023-08-27,126,27.0,131,4.67,1,4,3,High-Value At-Risk,job_e06ac3b9:22:36311
22,49533,2023-09-24,98,21.0,63,4.67,1,4,3,High-Value At-Risk,job_e06ac3b9:22:49533
21,49235,2023-11-05,56,12.0,416,4.67,3,5,4,Need Attention,job_e06ac3b9:21:49235
22,39040,2023-10-01,91,19.5,209,4.67,1,4,3,High-Value At-Risk,job_e06ac3b9:22:39040
22,7088,2023-08-27,126,27.0,222,4.67,1,4,3,High-Value At-Risk,job_e06ac3b9:22:7088
28,23044,2023-09-24,98,21.0,295,4.67,3,5,4,Need Attention,job_e06ac3b9:28:23044
14,14613,2023-06-09,205,44.0,238,4.66,2,4,4,High-Value At-Risk,job_e06ac3b9:14:14613
43,19488,2023-08-02,151,32.5,172,4.65,1,3,4,High-Value At-Risk,job_e06ac3b9:43:19488
15,37059,2023-05-31,214,46.0,236,4.65,2,4,3,High-Value At-Risk,job_e06ac3b9:15:37059
29,8523,2023-09-29,93,20.0,265,4.65,3,4,4,Need Attention,job_e06ac3b9:29:8523
10,20995,2023-10-13,79,17.0,123,4.65,5,2,4,New / Promising,job_e06ac3b9:10:20995
25,278,2023-09-22,100,21.5,338,4.65,5,1,1,New / Promising,job_e06ac3b9:25:278
54,13988,2023-09-20,102,22.0,117,4.64,4,5,5,Champion / Loyal,job_e06ac3b9:54:13988
24,27156,2023-08-23,130,28.0,334,4.64,2,4,2,High-Value At-Risk,job_e06ac3b9:24:27156
7,10504,2023-09-20,102,22.0,488,4.64,1,4,4,High-Value At-Risk,job_e06ac3b9:7:10504
41,226,2023-08-23,130,28.0,253,4.64,1,2,3,Average Purchaser,job_e06ac3b9:41:226
35,2838,2023-08-19,134,29.0,110,4.62,1,3,4,High-Value At-Risk,job_e06ac3b9:35:2838
31,46996,2023-08-24,129,28.0,135,4.61,4,4,5,Champion / Loyal,job_e06ac3b9:31:46996
31,48290,2023-08-24,129,28.0,425,4.61,4,4,5,Champion / Loyal,job_e06ac3b9:31:48290
33,19766,2023-08-24,129,28.0,145,4.61,1,1,2,Low-Value / Lost,job_e06ac3b9:33:19766
33,8920,2023-08-24,129,28.0,304,4.61,1,1,2,Low-Value / Lost,job_e06ac3b9:33:8920
31,43928,2023-08-24,129,28.0,415,4.61,4,4,5,Champion / Loyal,job_e06ac3b9:31:43928
64,19101,2023-08-24,129,28.0,497,4.61,5,3,4,Average Purchaser,job_e06ac3b9:64:19101
33,2408,2023-08-24,129,28.0,101,4.61,1,1,2,Low-Value / Lost,job_e06ac3b9:33:2408
31,15526,2023-08-24,129,28.0,330,4.61,4,4,5,Champion / Loyal,job_e06ac3b9:31:15526
28,37220,2023-09-07,115,25.0,391,4.6,3,5,4,Need Attention,job_e06ac3b9:28:37220
32,41259,2023-09-21,101,22.0,168,4.59,4,2,4,New / Promising,job_e06ac3b9:32:41259
32,34358,2023-09-21,101,22.0,161,4.59,4,2,4,New / Promising,job_e06ac3b9:32:34358
54,37524,2023-10-14,78,17.0,252,4.59,4,5,5,Champion / Loyal,job_e06ac3b9:54:37524
39,43647,2023-10-14,78,17.0,376,4.59,5,2,4,New / Promising,job_e06ac3b9:39:43647
16,32691,2023-11-06,55,12.0,362,4.58,2,2,3,Average Purchaser,job_e06ac3b9:16:32691
43,34940,2023-08-02,151,33.0,200,4.58,1,3,4,High-Value At-Risk,job_e06ac3b9:43:34940
16,48283,2023-11-06,55,12.0,287,4.58,2,2,3,Average Purchaser,job_e06ac3b9:16:48283
42,31829,2023-07-19,165,36.0,194,4.58,5,4,4,Champion / Loyal,job_e06ac3b9:42:31829
7,39121,2023-08-16,137,30.0,456,4.57,1,4,4,High-Value At-Risk,job_e06ac3b9:7:39121
57,24852,2023-10-12,80,17.5,437,4.57,1,4,3,High-Value At-Risk,job_e06ac3b9:57:24852
13,32850,2023-09-26,96,21.0,237,4.57,5,3,3,Average Purchaser,job_e06ac3b9:13:32850
27,4957,2023-11-29,32,7.0,157,4.57,3,5,5,Need Attention,job_e06ac3b9:27:4957
27,46676,2023-11-29,32,7.0,116,4.57,3,5,5,Need Attention,job_e06ac3b9:27:46676
27,33787,2023-11-29,32,7.0,109,4.57,3,5,5,Need Attention,job_e06ac3b9:27:33787
25,27521,2023-09-22,100,22.0,445,4.55,5,1,1,New / Promising,job_e06ac3b9:25:27521
55,25152,2023-09-22,100,22.0,442,4.55,3,2,3,Need Attention,job_e06ac3b9:55:25152
17,5128,2023-08-05,148,32.5,491,4.55,1,5,5,High-Value At-Risk,job_e06ac3b9:17:5128
38,16332,2023-10-01,91,20.0,129,4.55,4,3,4,Average Purchaser,job_e06ac3b9:38:16332
37,48775,2023-09-22,100,22.0,376,4.55,4,4,4,Champion / Loyal,job_e06ac3b9:37:48775
7,13802,2023-06-23,191,42.0,466,4.55,1,4,4,High-Value At-Risk,job_e06ac3b9:7:13802
38,24499,2023-10-01,91,20.0,438,4.55,4,3,4,Average Purchaser,job_e06ac3b9:38:24499
12,47144,2023-10-01,91,20.0,448,4.55,3,2,3,Need Attention,job_e06ac3b9:12:47144
55,27966,2023-09-22,100,22.0,221,4.55,3,2,3,Need Attention,job_e06ac3b9:55:27966
55,18175,2023-11-02,59,13.0,292,4.54,3,2,3,Need Attention,job_e06ac3b9:55:18175
14,5077,2023-09-04,118,26.0,323,4.54,2,4,4,High-Value At-Risk,job_e06ac3b9:14:5077
31,44375,2023-10-24,68,15.0,238,4.53,4,4,5,Champion / Loyal,job_e06ac3b9:31:44375
31,21131,2023-10-24,68,15.0,458,4.53,4,4,5,Champion / Loyal,job_e06ac3b9:31:21131
31,48142,2023-10-24,68,15.0,56,4.53,4,4,5,Champion / Loyal,job_e06ac3b9:31:48142
31,4138,2023-10-24,68,15.0,268,4.53,4,4,5,Champion / Loyal,job_e06ac3b9:31:4138
54,38231,2023-11-27,34,7.5,171,4.53,4,5,5,Champion / Loyal,job_e06ac3b9:54:38231
28,22935,2023-08-08,145,32.0,116,4.53,3,5,4,Need Attention,job_e06ac3b9:28:22935
21,12683,2023-10-06,86,19.0,496,4.53,3,5,4,Need Attention,job_e06ac3b9:21:12683
28,6292,2023-10-15,77,17.0,364,4.53,3,5,4,Need Attention,job_e06ac3b9:28:6292
43,30501,2023-08-13,140,31.0,173,4.52,1,3,4,High-Value At-Risk,job_e06ac3b9:43:30501
31,29003,2023-09-27,95,21.0,487,4.52,4,4,5,Champion / Loyal,job_e06ac3b9:31:29003
31,36133,2023-09-27,95,21.0,283,4.52,4,4,5,Champion / Loyal,job_e06ac3b9:31:36133
54,38777,2023-10-04,88,19.5,192,4.51,4,5,5,Champion / Loyal,job_e06ac3b9:54:38777
54,12974,2023-06-16,198,44.0,90,4.5,4,5,5,Champion / Loyal,job_e06ac3b9:54:12974
31,24231,2023-11-07,54,12.0,468,4.5,4,4,5,Champion / Loyal,job_e06ac3b9:31:24231
31,40711,2023-11-07,54,12.0,234,4.5,4,4,5,Champion / Loyal,job_e06ac3b9:31:40711
11,12384,2023-10-02,90,20.0,143,4.5,4,2,3,New / Promising,job_e06ac3b9:11:12384
41,39055,2023-09-14,108,24.0,389,4.5,1,2,3,Average Purchaser,job_e06ac3b9:41:39055
63,9339,2023-09-21,101,22.5,279,4.49,3,5,5,Need Attention,job_e06ac3b9:63:9339
27,20794,2023-09-28,94,21.0,104,4.48,3,5,5,Need Attention,job_e06ac3b9:27:20794
27,17333,2023-09-28,94,21.0,96,4.48,3,5,5,Need Attention,job_e06ac3b9:27:17333
10,47788,2023-10-25,67,15.0,430,4.47,5,2,4,New / Promising,job_e06ac3b9:10:47788
13,44142,2023-09-26,96,21.5,291,4.47,5,3,3,Average Purchaser,job_e06ac3b9:13:44142
56,42300,2023-10-07,85,19.0,73,4.47,2,3,4,High-Value At-Risk,job_e06ac3b9:56:42300
38,27344,2023-08-28,125,28.0,170,4.46,4,3,4,Average Purchaser,job_e06ac3b9:38:27344
38,3469,2023-08-28,125,28.0,380,4.46,4,3,4,Average Purchaser,job_e06ac3b9:38:3469
38,14462,2023-08-28,125,28.0,301,4.46,4,3,4,Average Purchaser,job_e06ac3b9:38:14462
38,18594,2023-08-28,125,28.0,234,4.46,4,3,4,Average Purchaser,job_e06ac3b9:38:18594
38,19019,2023-08-28,125,28.0,363,4.46,4,3,4,Average Purchaser,job_e06ac3b9:38:19019
38,37119,2023-08-28,125,28.0,405,4.46,4,3,4,Average Purchaser,job_e06ac3b9:38:37119
2,32792,2023-10-14,78,17.5,144,4.46,5,4,4,Champion / Loyal,job_e06ac3b9:2:32792
14,24970,2023-06-09,205,46.0,142,4.46,2,4,4,High-Value At-Risk,job_e06ac3b9:14:24970
64,14947,2023-09-06,116,26.0,340,4.46,5,3,4,Average Purchaser,job_e06ac3b9:64:14947
14,13145,2023-06-09,205,46.0,71,4.46,2,4,4,High-Value At-Risk,job_e06ac3b9:14:13145
19,13249,2023-11-03,58,13.0,360,4.46,5,3,4,Average Purchaser,job_e06ac3b9:19:13249
10,31717,2023-09-13,109,24.5,377,4.45,5,2,4,New / Promising,job_e06ac3b9:10:31717
49,18072,2023-06-18,196,44.0,187,4.45,1,3,2,Average Purchaser,job_e06ac3b9:49:18072
49,19162,2023-06-18,196,44.0,125,4.45,1,3,2,Average Purchaser,job_e06ac3b9:49:19162
28,47144,2023-10-03,89,20.0,448,4.45,3,5,4,Need Attention,job_e06ac3b9:28:47144
14,12168,2023-09-04,118,26.5,269,4.45,2,4,4,High-Value At-Risk,job_e06ac3b9:14:12168
11,44987,2023-11-01,60,13.5,386,4.44,4,2,3,New / Promising,job_e06ac3b9:11:44987
25,45633,2023-09-22,100,22.5,372,4.44,5,1,1,New / Promising,job_e06ac3b9:25:45633
52,40422,2023-04-25,250,56.5,239,4.42,3,5,4,Need Attention,job_e06ac3b9:52:40422
11,41319,2023-11-08,53,12.0,62,4.42,4,2,3,New / Promising,job_e06ac3b9:11:41319
55,13328,2023-09-07,115,26.0,433,4.42,3,2,3,Need Attention,job_e06ac3b9:55:13328
3,16797,2023-10-08,84,19.0,432,4.42,3,3,3,Need Attention,job_e06ac3b9:3:16797
5,16168,2023-11-08,53,12.0,204,4.42,2,1,2,Low-Value / Lost,job_e06ac3b9:5:16168
60,40377,2023-05-22,223,50.5,118,4.42,4,3,3,Average Purchaser,job_e06ac3b9:60:40377
2,32139,2023-09-16,106,24.0,439,4.42,5,4,4,Champion / Loyal,job_e06ac3b9:2:32139
63,2309,2023-05-02,243,55.0,65,4.42,3,5,5,Need Attention,job_e06ac3b9:63:2309
57,47734,2023-09-25,97,22.0,315,4.41,1,4,3,High-Value At-Risk,job_e06ac3b9:57:47734
20,13575,2023-10-26,66,15.0,274,4.4,3,1,1,Average Purchaser,job_e06ac3b9:20:13575
20,46061,2023-10-26,66,15.0,132,4.4,3,1,1,Average Purchaser,job_e06ac3b9:20:46061
19,14252,2023-10-26,66,15.0,317,4.4,5,3,4,Average Purchaser,job_e06ac3b9:19:14252
54,45918,2023-05-23,222,50.5,265,4.4,4,5,5,Champion / Loyal,job_e06ac3b9:54:45918
54,40377,2023-05-23,222,50.5,118,4.4,4,5,5,Champion / Loyal,job_e06ac3b9:54:40377
16,37107,2023-08-30,123,28.0,479,4.39,2,2,3,Average Purchaser,job_e06ac3b9:16:37107
62,31618,2023-08-30,123,28.0,316,4.39,3,3,3,Need Attention,job_e06ac3b9:62:31618
58,35042,2023-08-30,123,28.0,425,4.39,4,4,3,Average Purchaser,job_e06ac3b9:58:35042
31,24746,2023-08-30,123,28.0,294,4.39,4,4,5,Champion / Loyal,job_e06ac3b9:31:24746
61,25986,2023-09-30,92,21.0,407,4.38,5,1,3,New / Promising,job_e06ac3b9:61:25986
9,23592,2023-09-30,92,21.0,250,4.38,3,1,3,Need Attention,job_e06ac3b9:9:23592
9,11790,2023-09-30,92,21.0,65,4.38,3,1,3,Need Attention,job_e06ac3b9:9:11790
9,13351,2023-09-30,92,21.0,331,4.38,3,1,3,Need Attention,job_e06ac3b9:9:13351
7,29993,2023-11-04,57,13.0,75,4.38,1,4,4,High-Value At-Risk,job_e06ac3b9:7:29993
48,45007,2023-09-30,92,21.0,150,4.38,1,3,3,Average Purchaser,job_e06ac3b9:48:45007
31,27356,2023-09-17,105,24.0,58,4.38,4,4,5,Champion / Loyal,job_e06ac3b9:31:27356
7,21137,2023-11-04,57,13.0,113,4.38,1,4,4,High-Value At-Risk,job_e06ac3b9:7:21137
58,18174,2023-09-30,92,21.0,366,4.38,4,4,3,Average Purchaser,job_e06ac3b9:58:18174
58,16816,2023-09-30,92,21.0,177,4.38,4,4,3,Average Purchaser,job_e06ac3b9:58:16816
62,36011,2023-11-04,57,13.0,307,4.38,3,3,3,Need Attention,job_e06ac3b9:62:36011
15,11266,2023-10-11,81,18.5,121,4.38,2,4,3,High-Value At-Risk,job_e06ac3b9:15:11266
40,27555,2023-11-02,59,13.5,252,4.37,2,3,3,Average Purchaser,job_e06ac3b9:40:27555
60,28058,2023-09-13,109,25.0,466,4.36,4,3,3,Average Purchaser,job_e06ac3b9:60:28058
63,8277,2023-10-31,61,14.0,155,4.36,3,5,5,Need Attention,job_e06ac3b9:63:8277
64,45374,2023-11-13,48,11.0,364,4.36,5,3,4,Average Purchaser,job_e06ac3b9:64:45374
12,47509,2023-10-31,61,14.0,381,4.36,3,2,3,Need Attention,job_e06ac3b9:12:47509
7,42803,2023-10-18,74,17.0,356,4.35,1,4,4,High-Value At-Risk,job_e06ac3b9:7:42803
19,36227,2023-10-05,87,20.0,481,4.35,5,3,4,Average Purchaser,job_e06ac3b9:19:36227
7,14332,2023-06-23,191,44.0,363,4.34,1,4,4,High-Value At-Risk,job_e06ac3b9:7:14332
38,38012,2023-10-01,91,21.0,354,4.33,4,3,4,Average Purchaser,job_e06ac3b9:38:38012
51,44359,2023-11-09,52,12.0,452,4.33,5,1,1,New / Promising,job_e06ac3b9:51:44359
38,32655,2023-10-01,91,21.0,267,4.33,4,3,4,Average Purchaser,job_e06ac3b9:38:32655
41,46979,2023-08-23,130,30.0,450,4.33,1,2,3,Average Purchaser,job_e06ac3b9:41:46979
58,13909,2023-08-23,130,30.0,484,4.33,4,4,3,Average Purchaser,job_e06ac3b9:58:13909
38,36550,2023-11-09,52,12.0,471,4.33,4,3,4,Average Purchaser,job_e06ac3b9:38:36550
50,18465,2023-11-09,52,12.0,121,4.33,5,5,5,Champion / Loyal,job_e06ac3b9:50:18465
38,5499,2023-10-01,91,21.0,318,4.33,4,3,4,Average Purchaser,job_e06ac3b9:38:5499
11,23400,2023-08-19,134,31.0,260,4.32,4,2,3,New / Promising,job_e06ac3b9:11:23400
43,41273,2023-10-08,84,19.5,272,4.31,1,3,4,High-Value At-Risk,job_e06ac3b9:43:41273
21,24799,2023-11-05,56,13.0,446,4.31,3,5,4,Need Attention,job_e06ac3b9:21:24799
28,40706,2023-09-23,99,23.0,473,4.3,3,5,4,Need Attention,job_e06ac3b9:28:40706
28,7021,2023-08-20,133,31.0,184,4.29,3,5,4,Need Attention,job_e06ac3b9:28:7021
28,8670,2023-08-20,133,31.0,242,4.29,3,5,4,Need Attention,job_e06ac3b9:28:8670
28,23400,2023-08-20,133,31.0,260,4.29,3,5,4,Need Attention,job_e06ac3b9:28:23400
31,3519,2023-10-02,90,21.0,328,4.29,4,4,5,Champion / Loyal,job_e06ac3b9:31:3519
48,41238,2023-09-30,92,21.5,423,4.28,1,3,3,Average Purchaser,job_e06ac3b9:48:41238
21,4006,2023-09-15,107,25.0,320,4.28,3,5,4,Need Attention,job_e06ac3b9:21:4006
54,42701,2023-11-14,47,11.0,269,4.27,4,5,5,Champion / Loyal,job_e06ac3b9:54:42701
54,41035,2023-05-10,235,55.0,336,4.27,4,5,5,Champion / Loyal,job_e06ac3b9:54:41035
15,48142,2023-10-28,64,15.0,56,4.27,2,4,3,High-Value At-Risk,job_e06ac3b9:15:48142
32,39275,2023-10-11,81,19.0,188,4.26,4,2,4,New / Promising,job_e06ac3b9:32:39275
55,39561,2023-09-07,115,27.0,452,4.26,3,2,3,Need Attention,job_e06ac3b9:55:39561
55,44245,2023-09-07,115,27.0,230,4.26,3,2,3,Need Attention,job_e06ac3b9:55:44245
55,7736,2023-09-07,115,27.0,150,4.26,3,2,3,Need Attention,job_e06ac3b9:55:7736
16,5134,2023-10-11,81,19.0,74,4.26,2,2,3,Average Purchaser,job_e06ac3b9:16:5134
27,46045,2023-07-05,179,42.0,283,4.26,3,5,5,Need Attention,job_e06ac3b9:27:46045
26,32607,2023-08-15,138,32.5,140,4.25,5,3,2,Average Purchaser,job_e06ac3b9:26:32607
54,40545,2023-10-20,72,17.0,379,4.24,4,5,5,Champion / Loyal,job_e06ac3b9:54:40545
46,45007,2023-10-03,89,21.0,150,4.24,1,4,4,High-Value At-Risk,job_e06ac3b9:46:45007
54,46802,2023-10-20,72,17.0,452,4.24,4,5,5,Champion / Loyal,job_e06ac3b9:54:46802
5,22475,2023-09-29,93,22.0,340,4.23,2,1,2,Low-Value / Lost,job_e06ac3b9:5:22475
5,48775,2023-09-29,93,22.0,376,4.23,2,1,2,Low-Value / Lost,job_e06ac3b9:5:48775
63,25552,2023-03-10,296,70.0,470,4.23,3,5,5,Need Attention,job_e06ac3b9:63:25552
63,47893,2023-03-10,296,70.0,270,4.23,3,5,5,Need Attention,job_e06ac3b9:63:47893
16,21137,2023-11-06,55,13.0,113,4.23,2,2,3,Average Purchaser,job_e06ac3b9:16:21137
32,21927,2023-10-12,80,19.0,211,4.21,4,2,4,New / Promising,job_e06ac3b9:32:21927
55,4658,2023-11-02,59,14.0,439,4.21,3,2,3,Need Attention,job_e06ac3b9:55:4658
28,20697,2023-11-02,59,14.0,91,4.21,3,5,4,Need Attention,job_e06ac3b9:28:20697
55,7413,2023-11-02,59,14.0,317,4.21,3,2,3,Need Attention,job_e06ac3b9:55:7413
63,29820,2023-10-31,61,14.5,311,4.21,3,5,5,Need Attention,job_e06ac3b9:63:29820
17,44492,2023-09-04,118,28.0,152,4.21,1,5,5,High-Value At-Risk,job_e06ac3b9:17:44492
14,35416,2023-09-04,118,28.0,434,4.21,2,4,4,High-Value At-Risk,job_e06ac3b9:14:35416
17,16797,2023-10-12,80,19.0,432,4.21,1,5,5,High-Value At-Risk,job_e06ac3b9:17:16797
23,13544,2023-10-10,82,19.5,88,4.21,1,1,2,Low-Value / Lost,job_e06ac3b9:23:13544
29,17817,2023-09-04,118,28.0,117,4.21,3,4,4,Need Attention,job_e06ac3b9:29:17817
43,48645,2023-10-08,84,20.0,482,4.2,1,3,4,High-Value At-Risk,job_e06ac3b9:43:48645
52,37104,2023-10-08,84,20.0,269,4.2,3,5,4,Need Attention,job_e06ac3b9:52:37104
54,20842,2023-10-08,84,20.0,323,4.2,4,5,5,Champion / Loyal,job_e06ac3b9:54:20842
27,26915,2023-10-04,88,21.0,64,4.19,3,5,5,Need Attention,job_e06ac3b9:27:26915
28,24759,2023-10-25,67,16.0,499,4.19,3,5,4,Need Attention,job_e06ac3b9:28:24759
14,32428,2023-10-04,88,21.0,462,4.19,2,4,4,High-Value At-Risk,job_e06ac3b9:14:32428
58,11265,2023-08-23,130,31.0,375,4.19,4,4,3,Average Purchaser,job_e06ac3b9:58:11265
27,10912,2023-10-04,88,21.0,163,4.19,3,5,5,Need Attention,job_e06ac3b9:27:10912
27,12745,2023-10-04,88,21.0,323,4.19,3,5,5,Need Attention,job_e06ac3b9:27:12745
35,35343,2023-08-15,138,33.0,341,4.18,1,3,4,High-Value At-Risk,job_e06ac3b9:35:35343
41,17025,2023-06-30,184,44.0,239,4.18,1,2,3,Average Purchaser,job_e06ac3b9:41:17025
43,28842,2023-08-17,136,32.5,338,4.18,1,3,4,High-Value At-Risk,job_e06ac3b9:43:28842
38,29311,2023-08-28,125,30.0,472,4.17,4,3,4,Average Purchaser,job_e06ac3b9:38:29311
60,16797,2023-10-13,79,19.0,432,4.16,4,3,3,Average Purchaser,job_e06ac3b9:60:16797
44,6617,2023-10-15,77,18.5,196,4.16,2,1,2,Low-Value / Lost,job_e06ac3b9:44:6617
44,28378,2023-10-15,77,18.5,427,4.16,2,1,2,Low-Value / Lost,job_e06ac3b9:44:28378
35,44830,2023-09-18,104,25.0,269,4.16,1,3,4,High-Value At-Risk,job_e06ac3b9:35:44830
29,19541,2023-11-07,54,13.0,476,4.15,3,4,4,Need Attention,job_e06ac3b9:29:19541
29,21645,2023-06-23,191,46.0,322,4.15,3,4,4,Need Attention,job_e06ac3b9:29:21645
1,46149,2023-11-07,54,13.0,168,4.15,2,3,2,Average Purchaser,job_e06ac3b9:1:46149
31,9292,2023-11-07,54,13.0,333,4.15,4,4,5,Champion / Loyal,job_e06ac3b9:31:9292
9,27555,2023-11-05,56,13.5,252,4.15,3,1,3,Need Attention,job_e06ac3b9:9:27555
45,35782,2023-10-05,87,21.0,477,4.14,3,1,1,Average Purchaser,job_e06ac3b9:45:35782
49,45007,2023-10-05,87,21.0,150,4.14,1,3,2,Average Purchaser,job_e06ac3b9:49:45007
19,44843,2023-10-05,87,21.0,294,4.14,5,3,4,Average Purchaser,job_e06ac3b9:19:44843
19,34827,2023-10-05,87,21.0,196,4.14,5,3,4,Average Purchaser,job_e06ac3b9:19:34827
12,44661,2023-10-01,91,22.0,119,4.14,3,2,3,Need Attention,job_e06ac3b9:12:44661
4,37646,2023-10-30,62,15.0,101,4.13,4,2,1,New / Promising,job_e06ac3b9:4:37646
4,17769,2023-10-30,62,15.0,77,4.13,4,2,1,New / Promising,job_e06ac3b9:4:17769
59,19057,2023-10-30,62,15.0,293,4.13,1,3,3,Average Purchaser,job_e06ac3b9:59:19057
59,47209,2023-10-30,62,15.0,180,4.13,1,3,3,Average Purchaser,job_e06ac3b9:59:47209
43,15599,2023-09-29,93,22.5,470,4.13,1,3,4,High-Value At-Risk,job_e06ac3b9:43:15599
4,19057,2023-10-30,62,15.0,293,4.13,4,2,1,New / Promising,job_e06ac3b9:4:19057
32,39812,2023-09-21,101,24.5,410,4.12,4,2,4,New / Promising,job_e06ac3b9:32:39812
42,2627,2023-05-19,226,55.0,156,4.11,5,4,4,Champion / Loyal,job_e06ac3b9:42:2627
36,14852,2023-05-13,232,56.5,110,4.11,2,5,4,High-Value At-Risk,job_e06ac3b9:36:14852
42,9185,2023-05-19,226,55.0,419,4.11,5,4,4,Champion / Loyal,job_e06ac3b9:42:9185
5,13870,2023-10-10,82,20.0,384,4.1,2,1,2,Low-Value / Lost,job_e06ac3b9:5:13870
3,23650,2023-11-20,41,10.0,297,4.1,3,3,3,Need Attention,job_e06ac3b9:3:23650
38,3397,2023-10-10,82,20.0,316,4.1,4,3,4,Average Purchaser,job_e06ac3b9:38:3397
63,29874,2023-07-04,180,44.0,94,4.09,3,5,5,Need Attention,job_e06ac3b9:63:29874
63,2651,2023-07-04,180,44.0,434,4.09,3,5,5,Need Attention,job_e06ac3b9:63:2651
31,20014,2023-08-18,135,33.0,248,4.09,4,4,5,Champion / Loyal,job_e06ac3b9:31:20014
63,43922,2023-07-04,180,44.0,379,4.09,3,5,5,Need Attention,job_e06ac3b9:63:43922
9,7952,2023-09-30,92,22.5,200,4.09,3,1,3,Need Attention,job_e06ac3b9:9:7952
47,26172,2023-11-16,45,11.0,153,4.09,5,2,1,New / Promising,job_e06ac3b9:47:26172
31,26029,2023-08-18,135,33.0,323,4.09,4,4,5,Champion / Loyal,job_e06ac3b9:31:26029
48,21616,2023-08-18,135,33.0,362,4.09,1,3,3,Average Purchaser,job_e06ac3b9:48:21616
14,12448,2023-05-10,235,57.5,487,4.09,2,4,4,High-Value At-Risk,job_e06ac3b9:14:12448
63,7751,2023-07-04,180,44.0,376,4.09,3,5,5,Need Attention,job_e06ac3b9:63:7751
11,35321,2023-11-08,53,13.0,188,4.08,4,2,3,New / Promising,job_e06ac3b9:11:35321
50,5785,2023-11-08,53,13.0,121,4.08,5,5,5,Champion / Loyal,job_e06ac3b9:50:5785
54,33731,2023-09-20,102,25.0,490,4.08,4,5,5,Champion / Loyal,job_e06ac3b9:54:33731
58,37107,2023-09-08,114,28.0,479,4.07,4,4,3,Average Purchaser,job_e06ac3b9:58:37107
12,24390,2023-10-31,61,15.0,273,4.07,3,2,3,Need Attention,job_e06ac3b9:12:24390
63,24009,2023-08-31,122,30.0,67,4.07,3,5,5,Need Attention,job_e06ac3b9:63:24009
62,11777,2023-11-04,57,14.0,181,4.07,3,3,3,Need Attention,job_e06ac3b9:62:11777
55,42460,2023-11-02,59,14.5,323,4.07,3,2,3,Need Attention,job_e06ac3b9:55:42460
58,28299,2023-09-08,114,28.0,352,4.07,4,4,3,Average Purchaser,job_e06ac3b9:58:28299
56,36758,2023-10-23,69,17.0,295,4.06,2,3,4,High-Value At-Risk,job_e06ac3b9:56:36758
58,22935,2023-08-23,130,32.0,116,4.06,4,4,3,Average Purchaser,job_e06ac3b9:58:22935
14,13525,2023-06-09,205,50.5,124,4.06,2,4,4,High-Value At-Risk,job_e06ac3b9:14:13525
60,1406,2023-05-22,223,55.0,277,4.05,4,3,3,Average Purchaser,job_e06ac3b9:60:1406
48,4855,2023-10-13,79,19.5,304,4.05,1,3,3,Average Purchaser,job_e06ac3b9:48:4855
10,44910,2023-10-13,79,19.5,239,4.05,5,2,4,New / Promising,job_e06ac3b9:10:44910
63,28380,2023-10-05,87,21.5,361,4.05,3,5,5,Need Attention,job_e06ac3b9:63:28380
46,15290,2023-10-03,89,22.0,486,4.05,1,4,4,High-Value At-Risk,job_e06ac3b9:46:15290
48,11140,2023-10-13,79,19.5,179,4.05,1,3,3,Average Purchaser,job_e06ac3b9:48:11140
44,26505,2023-10-15,77,19.0,426,4.05,2,1,2,Low-Value / Lost,job_e06ac3b9:44:26505
32,35629,2023-10-11,81,20.0,122,4.05,4,2,4,New / Promising,job_e06ac3b9:32:35629
41,45104,2023-10-11,81,20.0,386,4.05,1,2,3,Average Purchaser,job_e06ac3b9:41:45104
64,42265,2023-10-13,79,19.5,161,4.05,5,3,4,Average Purchaser,job_e06ac3b9:64:42265
10,43014,2023-10-13,79,19.5,293,4.05,5,2,4,New / Promising,job_e06ac3b9:10:43014
31,12863,2023-09-17,105,26.0,87,4.04,4,4,5,Champion / Loyal,job_e06ac3b9:31:12863
62,23233,2023-09-17,105,26.0,285,4.04,3,3,3,Need Attention,job_e06ac3b9:62:23233
38,5646,2023-10-01,91,22.5,394,4.04,4,3,4,Average Purchaser,job_e06ac3b9:38:5646
57,34816,2023-10-08,84,21.0,231,4.0,1,4,3,High-Value At-Risk,job_e06ac3b9:57:34816
37,2888,2023-09-22,100,25.0,350,4.0,4,4,4,Champion / Loyal,job_e06ac3b9:37:2888
27,24852,2023-10-22,70,17.5,437,4.0,3,5,5,Need Attention,job_e06ac3b9:27:24852
3,28373,2023-09-10,112,28.0,208,4.0,3,3,3,Need Attention,job_e06ac3b9:3:28373
36,33153,2023-11-15,46,11.5,462,4.0,2,5,4,High-Value At-Risk,job_e06ac3b9:36:33153
61,40332,2023-11-13,48,12.0,344,4.0,5,1,3,New / Promising,job_e06ac3b9:61:40332
43,36784,2023-10-08,84,21.0,396,4.0,1,3,4,High-Value At-Risk,job_e06ac3b9:43:36784
61,33709,2023-09-30,92,23.0,159,4.0,5,1,3,New / Promising,job_e06ac3b9:61:33709
27,8615,2023-11-01,60,15.0,455,4.0,3,5,5,Need Attention,job_e06ac3b9:27:8615
34,21137,2023-11-09,52,13.0,113,4.0,5,2,1,New / Promising,job_e06ac3b9:34:21137
14,38845,2023-11-09,52,13.0,122,4.0,2,4,4,High-Value At-Risk,job_e06ac3b9:14:38845
24,16393,2023-05-25,220,55.0,87,4.0,2,4,2,High-Value At-Risk,job_e06ac3b9:24:16393
56,44632,2023-09-10,112,28.0,175,4.0,2,3,4,High-Value At-Risk,job_e06ac3b9:56:44632
31,3648,2023-11-15,46,11.5,401,4.0,4,4,5,Champion / Loyal,job_e06ac3b9:31:3648
31,39891,2023-10-24,68,17.0,155,4.0,4,4,5,Champion / Loyal,job_e06ac3b9:31:39891
31,44987,2023-11-07,54,13.5,386,4.0,4,4,5,Champion / Loyal,job_e06ac3b9:31:44987
37,14010,2023-11-29,32,8.0,160,4.0,4,4,4,Champion / Loyal,job_e06ac3b9:37:14010
23,5404,2023-09-10,112,28.0,228,4.0,1,1,2,Low-Value / Lost,job_e06ac3b9:23:5404
37,36287,2023-09-22,100,25.0,299,4.0,4,4,4,Champion / Loyal,job_e06ac3b9:37:36287
22,32655,2023-10-08,84,21.0,267,4.0,1,4,3,High-Value At-Risk,job_e06ac3b9:22:32655
54,49383,2023-10-04,88,22.0,205,4.0,4,5,5,Champion / Loyal,job_e06ac3b9:54:49383
43,6352,2023-10-08,84,21.0,119,4.0,1,3,4,High-Value At-Risk,job_e06ac3b9:43:6352
54,23191,2023-10-08,84,21.0,69,4.0,4,5,5,Champion / Loyal,job_e06ac3b9:54:23191
37,18918,2023-10-24,68,17.0,159,4.0,4,4,4,Champion / Loyal,job_e06ac3b9:37:18918
14,11348,2023-07-09,175,44.0,112,3.98,2,4,4,High-Value At-Risk,job_e06ac3b9:14:11348
14,12432,2023-07-09,175,44.0,361,3.98,2,4,4,High-Value At-Risk,job_e06ac3b9:14:12432
14,7751,2023-07-09,175,44.0,376,3.98,2,4,4,High-Value At-Risk,job_e06ac3b9:14:7751
14,40540,2023-07-09,175,44.0,478,3.98,2,4,4,High-Value At-Risk,job_e06ac3b9:14:40540
27,27992,2023-08-24,129,32.5,348,3.97,3,5,5,Need Attention,job_e06ac3b9:27:27992
33,15057,2023-08-24,129,32.5,471,3.97,1,1,2,Low-Value / Lost,job_e06ac3b9:33:15057
54,31506,2023-06-14,200,50.5,415,3.96,4,5,5,Champion / Loyal,job_e06ac3b9:54:31506
36,23054,2023-09-19,103,26.0,350,3.96,2,5,4,High-Value At-Risk,job_e06ac3b9:36:23054
43,43181,2023-09-11,111,28.0,436,3.96,1,3,4,High-Value At-Risk,job_e06ac3b9:43:43181
8,49533,2023-10-09,83,21.0,63,3.95,4,1,2,New / Promising,job_e06ac3b9:8:49533
36,1090,2023-10-07,85,21.5,345,3.95,2,5,4,High-Value At-Risk,job_e06ac3b9:36:1090
59,49044,2023-10-19,73,18.5,58,3.95,1,3,3,Average Purchaser,job_e06ac3b9:59:49044
49,38400,2023-10-05,87,22.0,344,3.95,1,3,2,Average Purchaser,job_e06ac3b9:49:38400
58,2512,2023-10-09,83,21.0,245,3.95,4,4,3,Average Purchaser,job_e06ac3b9:58:2512
10,15011,2023-10-13,79,20.0,147,3.95,5,2,4,New / Promising,job_e06ac3b9:10:15011
59,39468,2023-10-19,73,18.5,120,3.95,1,3,3,Average Purchaser,job_e06ac3b9:59:39468
60,4983,2023-10-13,79,20.0,323,3.95,4,3,3,Average Purchaser,job_e06ac3b9:60:4983
59,8574,2023-10-19,73,18.5,408,3.95,1,3,3,Average Purchaser,job_e06ac3b9:59:8574
44,48785,2023-10-15,77,19.5,382,3.95,2,1,2,Low-Value / Lost,job_e06ac3b9:44:48785
8,6141,2023-10-09,83,21.0,241,3.95,4,1,2,New / Promising,job_e06ac3b9:8:6141
60,26351,2023-10-13,79,20.0,409,3.95,4,3,3,Average Purchaser,job_e06ac3b9:60:26351
58,1614,2023-10-25,67,17.0,489,3.94,4,4,3,Average Purchaser,job_e06ac3b9:58:1614
2,22474,2023-09-16,106,27.0,272,3.93,5,4,4,Champion / Loyal,job_e06ac3b9:2:22474
14,2138,2023-09-04,118,30.0,489,3.93,2,4,4,High-Value At-Risk,job_e06ac3b9:14:2138
29,2839,2023-09-12,110,28.0,494,3.93,3,4,4,Need Attention,job_e06ac3b9:29:2839
29,12879,2023-09-12,110,28.0,480,3.93,3,4,4,Need Attention,job_e06ac3b9:29:12879
39,46906,2023-11-12,49,12.5,359,3.92,5,2,4,New / Promising,job_e06ac3b9:39:46906
53,11210,2023-11-14,47,12.0,287,3.92,4,1,2,New / Promising,job_e06ac3b9:53:11210
4,36606,2023-09-20,102,26.0,193,3.92,4,2,1,New / Promising,job_e06ac3b9:4:36606
3,1819,2023-09-24,98,25.0,450,3.92,3,3,3,Need Attention,job_e06ac3b9:3:1819
56,1360,2023-09-24,98,25.0,299,3.92,2,3,4,High-Value At-Risk,job_e06ac3b9:56:1360
52,8013,2023-10-08,84,21.5,242,3.91,3,5,4,Need Attention,job_e06ac3b9:52:8013
54,43076,2023-07-12,172,44.0,388,3.91,4,5,5,Champion / Loyal,job_e06ac3b9:54:43076
9,27966,2023-10-06,86,22.0,221,3.91,3,1,3,Need Attention,job_e06ac3b9:9:27966
23,38241,2023-10-10,82,21.0,121,3.9,1,1,2,Low-Value / Lost,job_e06ac3b9:23:38241
23,33819,2023-10-10,82,21.0,432,3.9,1,1,2,Low-Value / Lost,job_e06ac3b9:23:33819
26,36316,2023-11-22,39,10.0,475,3.9,5,3,2,Average Purchaser,job_e06ac3b9:26:36316
23,49306,2023-10-10,82,21.0,266,3.9,1,1,2,Low-Value / Lost,job_e06ac3b9:23:49306
23,22021,2023-10-10,82,21.0,320,3.9,1,1,2,Low-Value / Lost,job_e06ac3b9:23:22021
2,19240,2023-10-14,78,20.0,301,3.9,5,4,4,Champion / Loyal,job_e06ac3b9:2:19240
54,42469,2023-10-14,78,20.0,373,3.9,4,5,5,Champion / Loyal,job_e06ac3b9:54:42469
13,19934,2023-10-10,82,21.0,139,3.9,5,3,3,Average Purchaser,job_e06ac3b9:13:19934
54,20580,2023-10-14,78,20.0,389,3.9,4,5,5,Champion / Loyal,job_e06ac3b9:54:20580
60,49131,2023-09-13,109,28.0,187,3.89,4,3,3,Average Purchaser,job_e06ac3b9:60:49131
2,33754,2023-11-26,35,9.0,381,3.89,5,4,4,Champion / Loyal,job_e06ac3b9:2:33754
46,42987,2023-10-24,68,17.5,480,3.89,1,4,4,High-Value At-Risk,job_e06ac3b9:46:42987
31,41385,2023-09-17,105,27.0,471,3.89,4,4,5,Champion / Loyal,job_e06ac3b9:31:41385
27,1559,2023-08-11,142,36.5,82,3.89,3,5,5,Need Attention,job_e06ac3b9:27:1559
46,24852,2023-10-24,68,17.5,437,3.89,1,4,4,High-Value At-Risk,job_e06ac3b9:46:24852
42,32599,2023-06-08,206,53.0,392,3.89,5,4,4,Champion / Loyal,job_e06ac3b9:42:32599
25,21506,2023-10-22,70,18.0,294,3.89,5,1,1,New / Promising,job_e06ac3b9:25:21506
32,26209,2023-09-21,101,26.0,314,3.88,4,2,4,New / Promising,job_e06ac3b9:32:26209
53,17757,2023-11-30,31,8.0,423,3.88,4,1,2,New / Promising,job_e06ac3b9:53:17757
63,12456,2023-10-05,87,22.5,136,3.87,3,5,5,Need Attention,job_e06ac3b9:63:12456
41,46886,2023-10-11,81,21.0,413,3.86,1,2,3,Average Purchaser,job_e06ac3b9:41:46886
41,11512,2023-10-11,81,21.0,270,3.86,1,2,3,Average Purchaser,job_e06ac3b9:41:11512
41,49533,2023-10-11,81,21.0,63,3.86,1,2,3,Average Purchaser,job_e06ac3b9:41:49533
43,17547,2023-09-14,108,28.0,175,3.86,1,3,4,High-Value At-Risk,job_e06ac3b9:43:17547
41,40198,2023-10-11,81,21.0,293,3.86,1,2,3,Average Purchaser,job_e06ac3b9:41:40198
22,24506,2023-10-11,81,21.0,443,3.86,1,4,3,High-Value At-Risk,job_e06ac3b9:22:24506
58,33219,2023-10-09,83,21.5,77,3.86,4,4,3,Average Purchaser,job_e06ac3b9:58:33219
31,38376,2023-11-07,54,14.0,185,3.86,4,4,5,Champion / Loyal,job_e06ac3b9:31:38376
31,10341,2023-11-07,54,14.0,178,3.86,4,4,5,Champion / Loyal,job_e06ac3b9:31:10341
32,17758,2023-10-11,81,21.0,355,3.86,4,2,4,New / Promising,job_e06ac3b9:32:17758
37,8986,2023-10-11,81,21.0,98,3.86,4,4,4,Champion / Loyal,job_e06ac3b9:37:8986
9,38988,2023-11-05,56,14.5,173,3.86,3,1,3,Need Attention,job_e06ac3b9:9:38988
31,25518,2023-11-07,54,14.0,241,3.86,4,4,5,Champion / Loyal,job_e06ac3b9:31:25518
31,34177,2023-11-07,54,14.0,472,3.86,4,4,5,Champion / Loyal,job_e06ac3b9:31:34177
31,45036,2023-11-07,54,14.0,104,3.86,4,4,5,Champion / Loyal,job_e06ac3b9:31:45036
64,8479,2023-09-18,104,27.0,154,3.85,5,3,4,Average Purchaser,job_e06ac3b9:64:8479
28,11576,2023-10-15,77,20.0,123,3.85,3,5,4,Need Attention,job_e06ac3b9:28:11576
44,9121,2023-10-15,77,20.0,106,3.85,2,1,2,Low-Value / Lost,job_e06ac3b9:44:9121
32,21137,2023-11-11,50,13.0,113,3.85,4,2,4,New / Promising,job_e06ac3b9:32:21137
28,24952,2023-10-15,77,20.0,404,3.85,3,5,4,Need Attention,job_e06ac3b9:28:24952
28,13380,2023-10-15,77,20.0,414,3.85,3,5,4,Need Attention,job_e06ac3b9:28:13380
56,12315,2023-10-15,77,20.0,268,3.85,2,3,4,High-Value At-Risk,job_e06ac3b9:56:12315
63,1463,2023-11-09,52,13.5,356,3.85,3,5,5,Need Attention,job_e06ac3b9:63:1463
35,14168,2023-07-15,169,44.0,234,3.84,1,3,4,High-Value At-Risk,job_e06ac3b9:35:14168
35,45290,2023-07-15,169,44.0,97,3.84,1,3,4,High-Value At-Risk,job_e06ac3b9:35:45290
56,33043,2023-10-23,69,18.0,457,3.83,2,3,4,High-Value At-Risk,job_e06ac3b9:56:33043
31,19213,2023-11-15,46,12.0,186,3.83,4,4,5,Champion / Loyal,job_e06ac3b9:31:19213
31,13966,2023-11-15,46,12.0,359,3.83,4,4,5,Champion / Loyal,job_e06ac3b9:31:13966
17,7992,2023-09-15,107,28.0,437,3.82,1,5,5,High-Value At-Risk,job_e06ac3b9:17:7992
17,19766,2023-09-15,107,28.0,145,3.82,1,5,5,High-Value At-Risk,job_e06ac3b9:17:19766
44,35042,2023-09-15,107,28.0,425,3.82,2,1,2,Low-Value / Lost,job_e06ac3b9:44:35042
43,10246,2023-10-08,84,22.0,222,3.82,1,3,4,High-Value At-Risk,job_e06ac3b9:43:10246
43,44570,2023-10-08,84,22.0,410,3.82,1,3,4,High-Value At-Risk,job_e06ac3b9:43:44570
43,45116,2023-10-08,84,22.0,432,3.82,1,3,4,High-Value At-Risk,job_e06ac3b9:43:45116
21,22275,2023-08-27,126,33.0,454,3.82,3,5,4,Need Attention,job_e06ac3b9:21:22275
63,6750,2023-08-31,122,32.0,222,3.81,3,5,5,Need Attention,job_e06ac3b9:63:6750
14,43127,2023-09-04,118,31.0,192,3.81,2,4,4,High-Value At-Risk,job_e06ac3b9:14:43127
32,2452,2023-10-12,80,21.0,464,3.81,4,2,4,New / Promising,job_e06ac3b9:32:2452
31,23915,2023-10-12,80,21.0,89,3.81,4,4,5,Champion / Loyal,job_e06ac3b9:31:23915
32,4962,2023-10-12,80,21.0,325,3.81,4,2,4,New / Promising,job_e06ac3b9:32:4962
31,2229,2023-10-12,80,21.0,190,3.81,4,4,5,Champion / Loyal,job_e06ac3b9:31:2229
32,37718,2023-10-12,80,21.0,317,3.81,4,2,4,New / Promising,job_e06ac3b9:32:37718
31,48440,2023-10-12,80,21.0,170,3.81,4,4,5,Champion / Loyal,job_e06ac3b9:31:48440
14,12232,2023-09-04,118,31.0,231,3.81,2,4,4,High-Value At-Risk,job_e06ac3b9:14:12232
32,9203,2023-10-12,80,21.0,169,3.81,4,2,4,New / Promising,job_e06ac3b9:32:9203
17,18567,2023-10-12,80,21.0,472,3.81,1,5,5,High-Value At-Risk,job_e06ac3b9:17:18567
52,42489,2023-11-23,38,10.0,439,3.8,3,5,4,Need Attention,job_e06ac3b9:52:42489
62,30233,2023-11-04,57,15.0,320,3.8,3,3,3,Need Attention,job_e06ac3b9:62:30233
19,17224,2023-11-23,38,10.0,414,3.8,5,3,4,Average Purchaser,job_e06ac3b9:19:17224
7,32177,2023-11-04,57,15.0,415,3.8,1,4,4,High-Value At-Risk,job_e06ac3b9:7:32177
7,30391,2023-11-04,57,15.0,192,3.8,1,4,4,High-Value At-Risk,job_e06ac3b9:7:30391
62,3481,2023-11-04,57,15.0,446,3.8,3,3,3,Need Attention,job_e06ac3b9:62:3481
5,31717,2023-09-29,93,24.5,377,3.8,2,1,2,Low-Value / Lost,job_e06ac3b9:5:31717
54,27544,2023-06-05,209,55.0,379,3.8,4,5,5,Champion / Loyal,job_e06ac3b9:54:27544
54,38293,2023-10-20,72,19.0,491,3.79,4,5,5,Champion / Loyal,job_e06ac3b9:54:38293
14,4893,2023-04-10,265,70.0,454,3.79,2,4,4,High-Value At-Risk,job_e06ac3b9:14:4893
5,11777,2023-11-08,53,14.0,181,3.79,2,1,2,Low-Value / Lost,job_e06ac3b9:5:11777
33,38690,2023-09-20,102,27.0,59,3.78,1,1,2,Low-Value / Lost,job_e06ac3b9:33:38690
7,18382,2023-09-20,102,27.0,497,3.78,1,4,4,High-Value At-Risk,job_e06ac3b9:7:18382
31,25422,2023-10-24,68,18.0,190,3.78,4,4,5,Champion / Loyal,job_e06ac3b9:31:25422
46,28204,2023-10-24,68,18.0,187,3.78,1,4,4,High-Value At-Risk,job_e06ac3b9:46:28204
3,24010,2023-09-24,98,26.0,456,3.77,3,3,3,Need Attention,job_e06ac3b9:3:24010
60,13176,2023-11-12,49,13.0,303,3.77,4,3,3,Average Purchaser,job_e06ac3b9:60:13176
28,5077,2023-09-24,98,26.0,323,3.77,3,5,4,Need Attention,job_e06ac3b9:28:5077
8,16349,2023-10-09,83,22.0,486,3.77,4,1,2,New / Promising,job_e06ac3b9:8:16349
39,1870,2023-11-12,49,13.0,500,3.77,5,2,4,New / Promising,job_e06ac3b9:39:1870
63,31506,2023-06-24,190,50.5,415,3.76,3,5,5,Need Attention,job_e06ac3b9:63:31506
48,35855,2023-10-13,79,21.0,224,3.76,1,3,3,Average Purchaser,job_e06ac3b9:48:35855
31,30887,2023-09-17,105,28.0,145,3.75,4,4,5,Champion / Loyal,job_e06ac3b9:31:30887
40,16965,2023-11-16,45,12.0,272,3.75,2,3,3,Average Purchaser,job_e06ac3b9:40:16965
58,7628,2023-11-01,60,16.0,270,3.75,4,4,3,Average Purchaser,job_e06ac3b9:58:7628
42,13708,2023-06-08,206,55.0,200,3.75,5,4,4,Champion / Loyal,job_e06ac3b9:42:13708
31,22788,2023-09-17,105,28.0,109,3.75,4,4,5,Champion / Loyal,job_e06ac3b9:31:22788
12,46157,2023-08-22,131,35.0,246,3.74,3,2,3,Need Attention,job_e06ac3b9:12:46157
32,21777,2023-09-21,101,27.0,97,3.74,4,2,4,New / Promising,job_e06ac3b9:32:21777
12,17766,2023-08-22,131,35.0,150,3.74,3,2,3,Need Attention,job_e06ac3b9:12:17766
3,39190,2023-11-20,41,11.0,468,3.73,3,3,3,Need Attention,job_e06ac3b9:3:39190
13,32446,2023-10-10,82,22.0,265,3.73,5,3,3,Average Purchaser,job_e06ac3b9:13:32446
58,17264,2023-08-30,123,33.0,117,3.73,4,4,3,Average Purchaser,job_e06ac3b9:58:17264
9,39409,2023-11-05,56,15.0,65,3.73,3,1,3,Need Attention,job_e06ac3b9:9:39409
9,42347,2023-11-05,56,15.0,128,3.73,3,1,3,Need Attention,job_e06ac3b9:9:42347
52,8802,2023-11-05,56,15.0,300,3.73,3,5,4,Need Attention,job_e06ac3b9:52:8802
9,21462,2023-11-05,56,15.0,53,3.73,3,1,3,Need Attention,job_e06ac3b9:9:21462
58,10549,2023-10-25,67,18.0,240,3.72,4,4,3,Average Purchaser,job_e06ac3b9:58:10549
3,22035,2023-10-01,91,24.5,130,3.71,3,3,3,Need Attention,job_e06ac3b9:3:22035
2,47553,2023-06-10,204,55.0,331,3.71,5,4,4,Champion / Loyal,job_e06ac3b9:2:47553
37,33000,2023-07-28,156,42.0,411,3.71,4,4,4,Champion / Loyal,job_e06ac3b9:37:33000
14,15134,2023-10-29,63,17.0,256,3.71,2,4,4,High-Value At-Risk,job_e06ac3b9:14:15134
54,45007,2023-10-14,78,21.0,150,3.71,4,5,5,Champion / Loyal,job_e06ac3b9:54:45007
2,13351,2023-10-14,78,21.0,331,3.71,5,4,4,Champion / Loyal,job_e06ac3b9:2:13351
54,34126,2023-10-14,78,21.0,78,3.71,4,5,5,Champion / Loyal,job_e06ac3b9:54:34126
28,21513,2023-09-22,100,27.0,435,3.7,3,5,4,Need Attention,job_e06ac3b9:28:21513
32,10831,2023-11-11,50,13.5,318,3.7,4,2,4,New / Promising,job_e06ac3b9:32:10831
31,28647,2023-10-18,74,20.0,454,3.7,4,4,5,Champion / Loyal,job_e06ac3b9:31:28647
56,39216,2023-11-13,48,13.0,336,3.69,2,3,4,High-Value At-Risk,job_e06ac3b9:56:39216
16,48745,2023-10-11,81,22.0,485,3.68,2,2,3,Average Purchaser,job_e06ac3b9:16:48745
2,22825,2023-11-26,35,9.5,174,3.68,5,4,4,Champion / Loyal,job_e06ac3b9:2:22825
58,29,2023-09-08,114,31.0,333,3.68,4,4,3,Average Purchaser,job_e06ac3b9:58:29
41,2295,2023-10-11,81,22.0,283,3.68,1,2,3,Average Purchaser,job_e06ac3b9:41:2295
58,22395,2023-09-08,114,31.0,422,3.68,4,4,3,Average Purchaser,job_e06ac3b9:58:22395
54,4392,2023-03-09,297,81.0,357,3.67,4,5,5,Champion / Loyal,job_e06ac3b9:54:4392
59,2480,2023-08-21,132,36.0,361,3.67,1,3,3,Average Purchaser,job_e06ac3b9:59:2480
29,42258,2023-10-15,77,21.0,204,3.67,3,4,4,Need Attention,job_e06ac3b9:29:42258
56,49247,2023-10-15,77,21.0,126,3.67,2,3,4,High-Value At-Risk,job_e06ac3b9:56:49247
19,17763,2023-10-26,66,18.0,146,3.67,5,3,4,Average Purchaser,job_e06ac3b9:19:17763
28,34,2023-10-26,66,18.0,466,3.67,3,5,4,Need Attention,job_e06ac3b9:28:34
11,33037,2023-11-08,53,14.5,190,3.66,4,2,3,New / Promising,job_e06ac3b9:11:33037
59,40545,2023-10-30,62,17.0,379,3.65,1,3,3,Average Purchaser,job_e06ac3b9:59:40545
34,14678,2023-10-30,62,17.0,337,3.65,5,2,1,New / Promising,job_e06ac3b9:34:14678
42,31406,2023-10-08,84,23.0,471,3.65,5,4,4,Champion / Loyal,job_e06ac3b9:42:31406
59,24838,2023-10-30,62,17.0,316,3.65,1,3,3,Average Purchaser,job_e06ac3b9:59:24838
29,49615,2023-11-21,40,11.0,184,3.64,3,4,4,Need Attention,job_e06ac3b9:29:49615
12,8239,2023-10-01,91,25.0,449,3.64,3,2,3,Need Attention,job_e06ac3b9:12:8239
29,39170,2023-11-21,40,11.0,353,3.64,3,4,4,Need Attention,job_e06ac3b9:29:39170
32,13629,2023-10-12,80,22.0,387,3.64,4,2,4,New / Promising,job_e06ac3b9:32:13629
38,26620,2023-10-10,82,22.5,456,3.64,4,3,4,Average Purchaser,job_e06ac3b9:38:26620
7,25199,2023-09-20,102,28.0,441,3.64,1,4,4,High-Value At-Risk,job_e06ac3b9:7:25199
3,42557,2023-10-01,91,25.0,445,3.64,3,3,3,Need Attention,job_e06ac3b9:3:42557
54,22963,2023-09-20,102,28.0,167,3.64,4,5,5,Champion / Loyal,job_e06ac3b9:54:22963
21,3023,2023-09-24,98,27.0,241,3.63,3,5,4,Need Attention,job_e06ac3b9:21:3023
39,5450,2023-11-12,49,13.5,459,3.63,5,2,4,New / Promising,job_e06ac3b9:39:5450
35,28156,2023-10-16,76,21.0,388,3.62,1,3,4,High-Value At-Risk,job_e06ac3b9:35:28156
19,24629,2023-11-03,58,16.0,245,3.62,5,3,4,Average Purchaser,job_e06ac3b9:19:24629
49,42904,2023-07-18,166,46.0,179,3.61,1,3,2,Average Purchaser,job_e06ac3b9:49:42904
32,4799,2023-09-21,101,28.0,82,3.61,4,2,4,New / Promising,job_e06ac3b9:32:4799
63,49131,2023-09-21,101,28.0,187,3.61,3,5,5,Need Attention,job_e06ac3b9:63:49131
23,33471,2023-09-10,112,31.0,384,3.61,1,1,2,Low-Value / Lost,job_e06ac3b9:23:33471
49,46680,2023-07-18,166,46.0,289,3.61,1,3,2,Average Purchaser,job_e06ac3b9:49:46680
1,196,2023-11-07,54,15.0,264,3.6,2,3,2,Average Purchaser,job_e06ac3b9:1:196
31,16696,2023-11-07,54,15.0,479,3.6,4,4,5,Champion / Loyal,job_e06ac3b9:31:16696
37,26620,2023-10-11,81,22.5,456,3.6,4,4,4,Champion / Loyal,job_e06ac3b9:37:26620
41,9339,2023-10-11,81,22.5,279,3.6,1,2,3,Average Purchaser,job_e06ac3b9:41:9339
31,29529,2023-11-07,54,15.0,478,3.6,4,4,5,Champion / Loyal,job_e06ac3b9:31:29529
31,2197,2023-11-07,54,15.0,277,3.6,4,4,5,Champion / Loyal,job_e06ac3b9:31:2197
10,34358,2023-10-13,79,22.0,161,3.59,5,2,4,New / Promising,job_e06ac3b9:10:34358
10,5818,2023-10-13,79,22.0,215,3.59,5,2,4,New / Promising,job_e06ac3b9:10:5818
48,21405,2023-10-13,79,22.0,279,3.59,1,3,3,Average Purchaser,job_e06ac3b9:48:21405
10,36695,2023-10-13,79,22.0,177,3.59,5,2,4,New / Promising,job_e06ac3b9:10:36695
10,15937,2023-10-13,79,22.0,211,3.59,5,2,4,New / Promising,job_e06ac3b9:10:15937
63,18288,2023-11-09,52,14.5,432,3.59,3,5,5,Need Attention,job_e06ac3b9:63:18288
10,15290,2023-10-13,79,22.0,486,3.59,5,2,4,New / Promising,job_e06ac3b9:10:15290
48,17284,2023-10-13,79,22.0,413,3.59,1,3,3,Average Purchaser,job_e06ac3b9:48:17284
10,41220,2023-10-13,79,22.0,433,3.59,5,2,4,New / Promising,job_e06ac3b9:10:41220
14,19307,2023-09-04,118,33.0,430,3.58,2,4,4,High-Value At-Risk,job_e06ac3b9:14:19307
56,32035,2023-10-15,77,21.5,223,3.58,2,3,4,High-Value At-Risk,job_e06ac3b9:56:32035
43,29990,2023-07-27,157,44.0,253,3.57,1,3,4,High-Value At-Risk,job_e06ac3b9:43:29990
14,40925,2023-06-09,205,57.5,348,3.57,2,4,4,High-Value At-Risk,job_e06ac3b9:14:40925
62,30463,2023-10-17,75,21.0,54,3.57,3,3,3,Need Attention,job_e06ac3b9:62:30463
64,8021,2023-09-06,116,32.5,218,3.57,5,3,4,Average Purchaser,job_e06ac3b9:64:8021
62,36929,2023-11-04,57,16.0,205,3.56,3,3,3,Need Attention,job_e06ac3b9:62:36929
53,43086,2023-10-28,64,18.0,396,3.56,4,1,2,New / Promising,job_e06ac3b9:53:43086
61,23431,2023-11-13,48,13.5,189,3.56,5,1,3,New / Promising,job_e06ac3b9:61:23431
39,28204,2023-10-28,64,18.0,187,3.56,5,2,4,New / Promising,job_e06ac3b9:39:28204
27,33754,2023-11-29,32,9.0,381,3.56,3,5,5,Need Attention,job_e06ac3b9:27:33754
54,16752,2023-11-06,55,15.5,238,3.55,4,5,5,Champion / Loyal,job_e06ac3b9:54:16752
15,14715,2023-10-21,71,20.0,271,3.55,2,4,3,High-Value At-Risk,job_e06ac3b9:15:14715
15,12427,2023-10-21,71,20.0,292,3.55,2,4,3,High-Value At-Risk,job_e06ac3b9:15:12427
39,26683,2023-10-21,71,20.0,183,3.55,5,2,4,New / Promising,job_e06ac3b9:39:26683
64,40334,2023-11-22,39,11.0,296,3.55,5,3,4,Average Purchaser,job_e06ac3b9:64:40334
9,311,2023-09-30,92,26.0,137,3.54,3,1,3,Need Attention,job_e06ac3b9:9:311
17,4591,2023-04-27,248,70.0,171,3.54,1,5,5,High-Value At-Risk,job_e06ac3b9:17:4591
11,40738,2023-11-08,53,15.0,215,3.53,4,2,3,New / Promising,job_e06ac3b9:11:40738
28,47209,2023-11-08,53,15.0,180,3.53,3,5,4,Need Attention,job_e06ac3b9:28:47209
31,46172,2023-10-18,74,21.0,260,3.52,4,4,5,Champion / Loyal,job_e06ac3b9:31:46172
31,31883,2023-10-18,74,21.0,167,3.52,4,4,5,Champion / Loyal,job_e06ac3b9:31:31883
54,3989,2023-09-20,102,29.0,197,3.52,4,5,5,Champion / Loyal,job_e06ac3b9:54:3989
31,20794,2023-10-18,74,21.0,104,3.52,4,4,5,Champion / Loyal,job_e06ac3b9:31:20794
54,39180,2023-11-10,51,14.5,495,3.52,4,5,5,Champion / Loyal,job_e06ac3b9:54:39180
10,28986,2023-10-13,79,22.5,108,3.51,5,2,4,New / Promising,job_e06ac3b9:10:28986
10,5646,2023-10-13,79,22.5,394,3.51,5,2,4,New / Promising,job_e06ac3b9:10:5646
7,31343,2023-08-16,137,39.0,312,3.51,1,4,4,High-Value At-Risk,job_e06ac3b9:7:31343
31,41414,2023-11-19,42,12.0,214,3.5,4,4,5,Champion / Loyal,job_e06ac3b9:31:41414
52,43352,2023-12-03,28,8.0,462,3.5,3,5,4,Need Attention,job_e06ac3b9:52:43352
52,12341,2023-12-03,28,8.0,211,3.5,3,5,4,Need Attention,job_e06ac3b9:52:12341
12,20144,2023-10-01,91,26.0,64,3.5,3,2,3,Need Attention,job_e06ac3b9:12:20144
31,49573,2023-11-19,42,12.0,322,3.5,4,4,5,Champion / Loyal,job_e06ac3b9:31:49573
31,23580,2023-11-19,42,12.0,367,3.5,4,4,5,Champion / Loyal,job_e06ac3b9:31:23580
52,8953,2023-12-03,28,8.0,401,3.5,3,5,4,Need Attention,job_e06ac3b9:52:8953
31,28682,2023-11-19,42,12.0,240,3.5,4,4,5,Champion / Loyal,job_e06ac3b9:31:28682
31,46175,2023-11-19,42,12.0,116,3.5,4,4,5,Champion / Loyal,job_e06ac3b9:31:46175
52,35886,2023-12-03,28,8.0,247,3.5,3,5,4,Need Attention,job_e06ac3b9:52:35886
44,37131,2023-10-15,77,22.0,354,3.5,2,1,2,Low-Value / Lost,job_e06ac3b9:44:37131
31,44100,2023-11-19,42,12.0,372,3.5,4,4,5,Champion / Loyal,job_e06ac3b9:31:44100
39,39928,2023-11-12,49,14.0,232,3.5,5,2,4,New / Promising,job_e06ac3b9:39:39928
46,36070,2023-10-24,68,19.5,211,3.49,1,4,4,High-Value At-Risk,job_e06ac3b9:46:36070
27,17444,2023-06-22,192,55.0,168,3.49,3,5,5,Need Attention,job_e06ac3b9:27:17444
13,31372,2023-10-19,73,21.0,125,3.48,5,3,3,Average Purchaser,job_e06ac3b9:13:31372
63,45007,2023-10-19,73,21.0,150,3.48,3,5,5,Need Attention,job_e06ac3b9:63:45007
59,45007,2023-10-19,73,21.0,150,3.48,1,3,3,Average Purchaser,job_e06ac3b9:59:45007
59,22912,2023-10-19,73,21.0,214,3.48,1,3,3,Average Purchaser,job_e06ac3b9:59:22912
35,32030,2023-09-18,104,30.0,203,3.47,1,3,4,High-Value At-Risk,job_e06ac3b9:35:32030
57,4302,2023-11-02,59,17.0,209,3.47,1,4,3,High-Value At-Risk,job_e06ac3b9:57:4302
14,6518,2023-11-02,59,17.0,452,3.47,2,4,4,High-Value At-Risk,job_e06ac3b9:14:6518
56,26604,2023-10-07,85,24.5,388,3.47,2,3,4,High-Value At-Risk,job_e06ac3b9:56:26604
55,5194,2023-11-02,59,17.0,299,3.47,3,2,3,Need Attention,job_e06ac3b9:55:5194
40,13176,2023-11-16,45,13.0,303,3.46,2,3,3,Average Purchaser,job_e06ac3b9:40:13176
11,26209,2023-10-02,90,26.0,314,3.46,4,2,3,New / Promising,job_e06ac3b9:11:26209
40,24799,2023-11-16,45,13.0,446,3.46,2,3,3,Average Purchaser,job_e06ac3b9:40:24799
7,4945,2023-10-25,67,19.5,156,3.44,1,4,4,High-Value At-Risk,job_e06ac3b9:7:4945
61,34027,2023-10-30,62,18.0,455,3.44,5,1,3,New / Promising,job_e06ac3b9:61:34027
10,37687,2023-10-25,67,19.5,86,3.44,5,2,4,New / Promising,job_e06ac3b9:10:37687
61,28110,2023-10-30,62,18.0,193,3.44,5,1,3,New / Promising,job_e06ac3b9:61:28110
29,41298,2023-09-29,93,27.0,427,3.44,3,4,4,Need Attention,job_e06ac3b9:29:41298
54,34050,2023-10-20,72,21.0,57,3.43,4,5,5,Champion / Loyal,job_e06ac3b9:54:34050
56,11777,2023-11-13,48,14.0,181,3.43,2,3,4,High-Value At-Risk,job_e06ac3b9:56:11777
48,4487,2023-09-16,106,31.0,446,3.42,1,3,3,Average Purchaser,job_e06ac3b9:48:4487
62,24184,2023-10-17,75,22.0,138,3.41,3,3,3,Need Attention,job_e06ac3b9:62:24184
9,16154,2023-09-30,92,27.0,474,3.41,3,1,3,Need Attention,job_e06ac3b9:9:16154
46,47893,2023-05-06,239,70.0,270,3.41,1,4,4,High-Value At-Risk,job_e06ac3b9:46:47893
61,12817,2023-09-30,92,27.0,230,3.41,5,1,3,New / Promising,job_e06ac3b9:61:12817
54,17956,2023-11-10,51,15.0,189,3.4,4,5,5,Champion / Loyal,job_e06ac3b9:54:17956
37,9036,2023-10-24,68,20.0,485,3.4,4,4,4,Champion / Loyal,job_e06ac3b9:37:9036
8,39812,2023-10-09,83,24.5,410,3.39,4,1,2,New / Promising,job_e06ac3b9:8:39812
8,20920,2023-10-09,83,24.5,265,3.39,4,1,2,New / Promising,job_e06ac3b9:8:20920
31,34898,2023-09-27,95,28.0,61,3.39,4,4,5,Champion / Loyal,job_e06ac3b9:31:34898
31,7788,2023-09-27,95,28.0,301,3.39,4,4,5,Champion / Loyal,job_e06ac3b9:31:7788
8,1529,2023-10-09,83,24.5,423,3.39,4,1,2,New / Promising,job_e06ac3b9:8:1529
14,49010,2023-10-04,88,26.0,295,3.38,2,4,4,High-Value At-Risk,job_e06ac3b9:14:49010
40,5699,2023-11-02,59,17.5,94,3.37,2,3,3,Average Purchaser,job_e06ac3b9:40:5699
17,19468,2023-08-05,148,44.0,210,3.36,1,5,5,High-Value At-Risk,job_e06ac3b9:17:19468
31,6287,2023-10-18,74,22.0,215,3.36,4,4,5,Champion / Loyal,job_e06ac3b9:31:6287
43,9647,2023-09-11,111,33.0,199,3.36,1,3,4,High-Value At-Risk,job_e06ac3b9:43:9647
59,14211,2023-10-30,62,18.5,71,3.35,1,3,3,Average Purchaser,job_e06ac3b9:59:14211
59,47888,2023-10-30,62,18.5,417,3.35,1,3,3,Average Purchaser,job_e06ac3b9:59:47888
57,49683,2023-10-05,87,26.0,193,3.35,1,4,3,High-Value At-Risk,job_e06ac3b9:57:49683
49,49683,2023-10-05,87,26.0,193,3.35,1,3,2,Average Purchaser,job_e06ac3b9:49:49683
62,34584,2023-11-04,57,17.0,263,3.35,3,3,3,Need Attention,job_e06ac3b9:62:34584
7,27690,2023-11-04,57,17.0,76,3.35,1,4,4,High-Value At-Risk,job_e06ac3b9:7:27690
58,19164,2023-07-30,154,46.0,337,3.35,4,4,3,Average Purchaser,job_e06ac3b9:58:19164
59,3951,2023-10-30,62,18.5,299,3.35,1,3,3,Average Purchaser,job_e06ac3b9:59:3951
58,38340,2023-07-30,154,46.0,189,3.35,4,4,3,Average Purchaser,job_e06ac3b9:58:38340
12,20350,2023-09-05,117,35.0,497,3.34,3,2,3,Need Attention,job_e06ac3b9:12:20350
28,27307,2023-11-21,40,12.0,464,3.33,3,5,4,Need Attention,job_e06ac3b9:28:27307
25,26756,2023-09-22,100,30.0,287,3.33,5,1,1,New / Promising,job_e06ac3b9:25:26756
15,196,2023-11-11,50,15.0,264,3.33,2,4,3,High-Value At-Risk,job_e06ac3b9:15:196
5,15349,2023-09-29,93,28.0,451,3.32,2,1,2,Low-Value / Lost,job_e06ac3b9:5:15349
29,48290,2023-09-29,93,28.0,425,3.32,3,4,4,Need Attention,job_e06ac3b9:29:48290
19,43867,2023-09-29,93,28.0,172,3.32,5,3,4,Average Purchaser,job_e06ac3b9:19:43867
59,1244,2023-10-19,73,22.0,312,3.32,1,3,3,Average Purchaser,job_e06ac3b9:59:1244
59,45763,2023-10-19,73,22.0,130,3.32,1,3,3,Average Purchaser,job_e06ac3b9:59:45763
12,5876,2023-08-22,131,39.5,223,3.32,3,2,3,Need Attention,job_e06ac3b9:12:5876
24,35652,2023-09-29,93,28.0,415,3.32,2,4,2,High-Value At-Risk,job_e06ac3b9:24:35652
16,4086,2023-10-11,81,24.5,203,3.31,2,2,3,Average Purchaser,job_e06ac3b9:16:4086
32,43789,2023-10-11,81,24.5,460,3.31,4,2,4,New / Promising,job_e06ac3b9:32:43789
64,18288,2023-11-13,48,14.5,432,3.31,5,3,4,Average Purchaser,job_e06ac3b9:64:18288
50,47601,2023-08-14,139,42.0,426,3.31,5,5,5,Champion / Loyal,job_e06ac3b9:50:47601
27,21386,2023-11-23,38,11.5,339,3.3,3,5,5,Need Attention,job_e06ac3b9:27:21386
31,41406,2023-11-15,46,14.0,151,3.29,4,4,5,Champion / Loyal,job_e06ac3b9:31:41406
45,43279,2023-10-23,69,21.0,101,3.29,3,1,1,Average Purchaser,job_e06ac3b9:45:43279
56,40587,2023-10-23,69,21.0,365,3.29,2,3,4,High-Value At-Risk,job_e06ac3b9:56:40587
54,11408,2023-09-20,102,31.0,434,3.29,4,5,5,Champion / Loyal,job_e06ac3b9:54:11408
61,31020,2023-09-30,92,28.0,294,3.29,5,1,3,New / Promising,job_e06ac3b9:61:31020
10,34128,2023-10-13,79,24.0,446,3.29,5,2,4,New / Promising,job_e06ac3b9:10:34128
54,26165,2023-12-08,23,7.0,299,3.29,4,5,5,Champion / Loyal,job_e06ac3b9:54:26165
48,27156,2023-09-30,92,28.0,334,3.29,1,3,3,Average Purchaser,job_e06ac3b9:48:27156
58,28956,2023-08-02,151,46.0,253,3.28,4,4,3,Average Purchaser,job_e06ac3b9:58:28956
58,7460,2023-08-02,151,46.0,136,3.28,4,4,3,Average Purchaser,job_e06ac3b9:58:7460
19,7559,2023-10-05,87,26.5,429,3.28,5,3,4,Average Purchaser,job_e06ac3b9:19:7559
43,20824,2023-08-02,151,46.0,288,3.28,1,3,4,High-Value At-Risk,job_e06ac3b9:43:20824
43,46672,2023-08-02,151,46.0,396,3.28,1,3,4,High-Value At-Risk,job_e06ac3b9:43:46672
39,44910,2023-10-28,64,19.5,239,3.28,5,2,4,New / Promising,job_e06ac3b9:39:44910
33,37131,2023-10-20,72,22.0,354,3.27,1,1,2,Low-Value / Lost,job_e06ac3b9:33:37131
54,2314,2023-11-25,36,11.0,237,3.27,4,5,5,Champion / Loyal,job_e06ac3b9:54:2314
63,46667,2023-06-05,209,64.0,257,3.27,3,5,5,Need Attention,job_e06ac3b9:63:46667
54,35939,2023-10-20,72,22.0,307,3.27,4,5,5,Champion / Loyal,job_e06ac3b9:54:35939
39,8174,2023-11-12,49,15.0,216,3.27,5,2,4,New / Promising,job_e06ac3b9:39:8174
55,1244,2023-10-20,72,22.0,312,3.27,3,2,3,Need Attention,job_e06ac3b9:55:1244
29,11586,2023-09-29,93,28.5,170,3.26,3,4,4,Need Attention,job_e06ac3b9:29:11586
29,30389,2023-09-29,93,28.5,71,3.26,3,4,4,Need Attention,job_e06ac3b9:29:30389
54,16521,2023-10-30,62,19.0,290,3.26,4,5,5,Champion / Loyal,job_e06ac3b9:54:16521
12,38164,2023-09-05,117,36.0,237,3.25,3,2,3,Need Attention,job_e06ac3b9:12:38164
38,10132,2023-10-01,91,28.0,218,3.25,4,3,4,Average Purchaser,job_e06ac3b9:38:10132
64,36550,2023-11-22,39,12.0,471,3.25,5,3,4,Average Purchaser,job_e06ac3b9:64:36550
48,44262,2023-10-27,65,20.0,94,3.25,1,3,3,Average Purchaser,job_e06ac3b9:48:44262
64,44359,2023-11-22,39,12.0,452,3.25,5,3,4,Average Purchaser,job_e06ac3b9:64:44359
14,15869,2023-11-09,52,16.0,183,3.25,2,4,4,High-Value At-Risk,job_e06ac3b9:14:15869
12,19895,2023-10-01,91,28.0,76,3.25,3,2,3,Need Attention,job_e06ac3b9:12:19895
12,35345,2023-10-01,91,28.0,214,3.25,3,2,3,Need Attention,job_e06ac3b9:12:35345
31,2099,2023-10-24,68,21.0,393,3.24,4,4,5,Champion / Loyal,job_e06ac3b9:31:2099
46,32857,2023-10-24,68,21.0,269,3.24,1,4,4,High-Value At-Risk,job_e06ac3b9:46:32857
59,5646,2023-10-19,73,22.5,394,3.24,1,3,3,Average Purchaser,job_e06ac3b9:59:5646
31,6631,2023-10-24,68,21.0,391,3.24,4,4,5,Champion / Loyal,job_e06ac3b9:31:6631
32,43713,2023-10-11,81,25.0,174,3.24,4,2,4,New / Promising,job_e06ac3b9:32:43713
39,21295,2023-10-21,71,22.0,339,3.23,5,2,4,New / Promising,job_e06ac3b9:39:21295
9,26790,2023-09-30,92,28.5,249,3.23,3,1,3,Need Attention,job_e06ac3b9:9:26790
39,43768,2023-10-21,71,22.0,145,3.23,5,2,4,New / Promising,job_e06ac3b9:39:43768
31,32566,2023-11-19,42,13.0,163,3.23,4,4,5,Champion / Loyal,job_e06ac3b9:31:32566
10,32537,2023-10-13,79,24.5,300,3.22,5,2,4,New / Promising,job_e06ac3b9:10:32537
19,25232,2023-11-03,58,18.0,295,3.22,5,3,4,Average Purchaser,job_e06ac3b9:19:25232
60,22035,2023-10-13,79,24.5,130,3.22,4,3,3,Average Purchaser,job_e06ac3b9:60:22035
12,248,2023-10-31,61,19.0,297,3.21,3,2,3,Need Attention,job_e06ac3b9:12:248
40,39928,2023-11-16,45,14.0,232,3.21,2,3,3,Average Purchaser,job_e06ac3b9:40:39928
2,4071,2023-09-16,106,33.0,247,3.21,5,4,4,Champion / Loyal,job_e06ac3b9:2:4071
56,19446,2023-10-15,77,24.0,163,3.21,2,3,4,High-Value At-Risk,job_e06ac3b9:56:19446
29,1261,2023-09-29,93,29.0,381,3.21,3,4,4,Need Attention,job_e06ac3b9:29:1261
11,5605,2023-10-02,90,28.0,300,3.21,4,2,3,New / Promising,job_e06ac3b9:11:5605
27,4455,2023-10-04,88,27.5,335,3.2,3,5,5,Need Attention,job_e06ac3b9:27:4455
37,23579,2023-11-29,32,10.0,61,3.2,4,4,4,Champion / Loyal,job_e06ac3b9:37:23579
19,33122,2023-11-29,32,10.0,456,3.2,5,3,4,Average Purchaser,job_e06ac3b9:19:33122
2,19057,2023-11-13,48,15.0,293,3.2,5,4,4,Champion / Loyal,job_e06ac3b9:2:19057
32,8239,2023-10-12,80,25.0,449,3.2,4,2,4,New / Promising,job_e06ac3b9:32:8239
37,5020,2023-11-29,32,10.0,100,3.2,4,4,4,Champion / Loyal,job_e06ac3b9:37:5020
7,29894,2023-10-25,67,21.0,152,3.19,1,4,4,High-Value At-Risk,job_e06ac3b9:7:29894
12,40377,2023-07-23,161,50.5,118,3.19,3,2,3,Need Attention,job_e06ac3b9:12:40377
7,18880,2023-10-25,67,21.0,318,3.19,1,4,4,High-Value At-Risk,job_e06ac3b9:7:18880
60,211,2023-05-22,223,70.0,213,3.19,4,3,3,Average Purchaser,job_e06ac3b9:60:211
54,22935,2023-09-20,102,32.0,116,3.19,4,5,5,Champion / Loyal,job_e06ac3b9:54:22935
21,33894,2023-10-06,86,27.0,497,3.19,3,5,4,Need Attention,job_e06ac3b9:21:33894
10,5769,2023-10-25,67,21.0,228,3.19,5,2,4,New / Promising,job_e06ac3b9:10:5769
10,45007,2023-10-25,67,21.0,150,3.19,5,2,4,New / Promising,job_e06ac3b9:10:45007
60,25980,2023-05-22,223,70.0,490,3.19,4,3,3,Average Purchaser,job_e06ac3b9:60:25980
10,34126,2023-10-25,67,21.0,78,3.19,5,2,4,New / Promising,job_e06ac3b9:10:34126
11,47601,2023-08-19,134,42.0,426,3.19,4,2,3,New / Promising,job_e06ac3b9:11:47601
46,22610,2023-10-03,89,28.0,378,3.18,1,4,4,High-Value At-Risk,job_e06ac3b9:46:22610
31,9804,2023-09-17,105,33.0,223,3.18,4,4,5,Champion / Loyal,job_e06ac3b9:31:9804
46,2481,2023-10-03,89,28.0,382,3.18,1,4,4,High-Value At-Risk,job_e06ac3b9:46:2481
59,41273,2023-10-30,62,19.5,272,3.18,1,3,3,Average Purchaser,job_e06ac3b9:59:41273
59,11140,2023-10-30,62,19.5,179,3.18,1,3,3,Average Purchaser,job_e06ac3b9:59:11140
41,28985,2023-10-11,81,25.5,309,3.18,1,2,3,Average Purchaser,job_e06ac3b9:41:28985
46,27676,2023-10-03,89,28.0,104,3.18,1,4,4,High-Value At-Risk,job_e06ac3b9:46:27676
46,24427,2023-10-03,89,28.0,499,3.18,1,4,4,High-Value At-Risk,job_e06ac3b9:46:24427
29,8806,2023-11-07,54,17.0,376,3.18,3,4,4,Need Attention,job_e06ac3b9:29:8806
19,25397,2023-11-23,38,12.0,100,3.17,5,3,4,Average Purchaser,job_e06ac3b9:19:25397
27,5708,2023-11-23,38,12.0,359,3.17,3,5,5,Need Attention,job_e06ac3b9:27:5708
58,10813,2023-11-01,60,19.0,494,3.16,4,4,3,Average Purchaser,job_e06ac3b9:58:10813
37,17424,2023-10-02,90,28.5,172,3.16,4,4,4,Champion / Loyal,job_e06ac3b9:37:17424
24,33081,2023-10-21,71,22.5,125,3.16,2,4,2,High-Value At-Risk,job_e06ac3b9:24:33081
13,31134,2023-11-01,60,19.0,324,3.16,5,3,3,Average Purchaser,job_e06ac3b9:13:31134
27,248,2023-11-01,60,19.0,297,3.16,3,5,5,Need Attention,job_e06ac3b9:27:248
56,22993,2023-10-07,85,27.0,54,3.15,2,3,4,High-Value At-Risk,job_e06ac3b9:56:22993
38,14947,2023-10-10,82,26.0,340,3.15,4,3,4,Average Purchaser,job_e06ac3b9:38:14947
38,26209,2023-10-10,82,26.0,314,3.15,4,3,4,Average Purchaser,job_e06ac3b9:38:26209
27,48210,2023-10-04,88,28.0,156,3.14,3,5,5,Need Attention,job_e06ac3b9:27:48210
19,33756,2023-10-26,66,21.0,464,3.14,5,3,4,Average Purchaser,job_e06ac3b9:19:33756
19,18329,2023-10-26,66,21.0,126,3.14,5,3,4,Average Purchaser,job_e06ac3b9:19:18329
57,35163,2023-10-23,69,22.0,83,3.14,1,4,3,High-Value At-Risk,job_e06ac3b9:57:35163
33,34254,2023-09-20,102,32.5,313,3.14,1,1,2,Low-Value / Lost,job_e06ac3b9:33:34254
19,13921,2023-10-26,66,21.0,205,3.14,5,3,4,Average Purchaser,job_e06ac3b9:19:13921
19,10990,2023-10-26,66,21.0,276,3.14,5,3,4,Average Purchaser,job_e06ac3b9:19:10990
27,457,2023-10-04,88,28.0,89,3.14,3,5,5,Need Attention,job_e06ac3b9:27:457
27,5907,2023-10-04,88,28.0,404,3.14,3,5,5,Need Attention,job_e06ac3b9:27:5907
14,22179,2023-10-04,88,28.0,268,3.14,2,4,4,High-Value At-Risk,job_e06ac3b9:14:22179
35,28785,2023-08-15,138,44.0,439,3.14,1,3,4,High-Value At-Risk,job_e06ac3b9:35:28785
16,24852,2023-11-06,55,17.5,437,3.14,2,2,3,Average Purchaser,job_e06ac3b9:16:24852
58,43262,2023-08-15,138,44.0,458,3.14,4,4,3,Average Purchaser,job_e06ac3b9:58:43262
14,45519,2023-10-04,88,28.0,203,3.14,2,4,4,High-Value At-Risk,job_e06ac3b9:14:45519
12,37687,2023-10-31,61,19.5,86,3.13,3,2,3,Need Attention,job_e06ac3b9:12:37687
53,8615,2023-11-14,47,15.0,455,3.13,4,1,2,New / Promising,job_e06ac3b9:53:8615
18,40723,2023-11-14,47,15.0,341,3.13,5,2,2,New / Promising,job_e06ac3b9:18:40723
33,40706,2023-10-20,72,23.0,473,3.13,1,1,2,Low-Value / Lost,job_e06ac3b9:33:40706
32,39097,2023-10-11,81,26.0,369,3.12,4,2,4,New / Promising,job_e06ac3b9:32:39097
2,42356,2023-10-14,78,25.0,52,3.12,5,4,4,Champion / Loyal,job_e06ac3b9:2:42356
17,5748,2023-04-22,253,81.0,171,3.12,1,5,5,High-Value At-Risk,job_e06ac3b9:17:5748
2,36287,2023-10-14,78,25.0,299,3.12,5,4,4,Champion / Loyal,job_e06ac3b9:2:36287
39,33731,2023-10-14,78,25.0,490,3.12,5,2,4,New / Promising,job_e06ac3b9:39:33731
28,26128,2023-11-08,53,17.0,345,3.12,3,5,4,Need Attention,job_e06ac3b9:28:26128
21,28204,2023-11-05,56,18.0,187,3.11,3,5,4,Need Attention,job_e06ac3b9:21:28204
9,41844,2023-11-05,56,18.0,287,3.11,3,1,3,Need Attention,job_e06ac3b9:9:41844
49,16797,2023-11-02,59,19.0,432,3.11,1,3,2,Average Purchaser,job_e06ac3b9:49:16797
19,28634,2023-10-05,87,28.0,454,3.11,5,3,4,Average Purchaser,job_e06ac3b9:19:28634
19,29294,2023-10-05,87,28.0,196,3.11,5,3,4,Average Purchaser,job_e06ac3b9:19:29294
27,45066,2023-09-13,109,35.0,399,3.11,3,5,5,Need Attention,job_e06ac3b9:27:45066
9,30967,2023-11-05,56,18.0,228,3.11,3,1,3,Need Attention,job_e06ac3b9:9:30967
48,20339,2023-10-27,65,21.0,456,3.1,1,3,3,Average Purchaser,job_e06ac3b9:48:20339
48,43662,2023-10-27,65,21.0,468,3.1,1,3,3,Average Purchaser,job_e06ac3b9:48:43662
59,4472,2023-10-30,62,20.0,309,3.1,1,3,3,Average Purchaser,job_e06ac3b9:59:4472
61,12590,2023-10-30,62,20.0,77,3.1,5,1,3,New / Promising,job_e06ac3b9:61:12590
2,12000,2023-08-17,136,44.0,333,3.09,5,4,4,Champion / Loyal,job_e06ac3b9:2:12000
6,48679,2023-11-21,40,13.0,338,3.08,5,1,1,New / Promising,job_e06ac3b9:6:48679
28,33731,2023-10-15,77,25.0,490,3.08,3,5,4,Need Attention,job_e06ac3b9:28:33731
27,38777,2023-11-01,60,19.5,192,3.08,3,5,5,Need Attention,job_e06ac3b9:27:38777
56,26620,2023-10-23,69,22.5,456,3.07,2,3,4,High-Value At-Risk,job_e06ac3b9:56:26620
31,196,2023-11-15,46,15.0,264,3.07,4,4,5,Champion / Loyal,job_e06ac3b9:31:196
21,44632,2023-10-06,86,28.0,175,3.07,3,5,4,Need Attention,job_e06ac3b9:21:44632
32,28696,2023-10-11,81,26.5,116,3.06,4,2,4,New / Promising,job_e06ac3b9:32:28696
54,30953,2023-09-27,95,31.0,486,3.06,4,5,5,Champion / Loyal,job_e06ac3b9:54:30953
38,25305,2023-11-09,52,17.0,295,3.06,4,3,4,Average Purchaser,job_e06ac3b9:38:25305
27,22124,2023-11-29,32,10.5,120,3.05,3,5,5,Need Attention,job_e06ac3b9:27:22124
7,44661,2023-10-25,67,22.0,119,3.05,1,4,4,High-Value At-Risk,job_e06ac3b9:7:44661
39,27735,2023-10-28,64,21.0,311,3.05,5,2,4,New / Promising,job_e06ac3b9:39:27735
10,13629,2023-10-25,67,22.0,387,3.05,5,2,4,New / Promising,job_e06ac3b9:10:13629
10,48775,2023-10-25,67,22.0,376,3.05,5,2,4,New / Promising,job_e06ac3b9:10:48775
12,22959,2023-10-31,61,20.0,252,3.05,3,2,3,Need Attention,job_e06ac3b9:12:22959
10,30305,2023-10-25,67,22.0,148,3.05,5,2,4,New / Promising,job_e06ac3b9:10:30305
12,19006,2023-10-31,61,20.0,338,3.05,3,2,3,Need Attention,job_e06ac3b9:12:19006
7,37999,2023-10-28,64,21.0,70,3.05,1,4,4,High-Value At-Risk,job_e06ac3b9:7:37999
10,18656,2023-10-25,67,22.0,390,3.05,5,2,4,New / Promising,job_e06ac3b9:10:18656
62,41376,2023-10-31,61,20.0,212,3.05,3,3,3,Need Attention,job_e06ac3b9:62:41376
10,26940,2023-10-25,67,22.0,146,3.05,5,2,4,New / Promising,job_e06ac3b9:10:26940
48,8057,2023-10-13,79,26.0,118,3.04,1,3,3,Average Purchaser,job_e06ac3b9:48:8057
36,44233,2023-10-10,82,27.0,470,3.04,2,5,4,High-Value At-Risk,job_e06ac3b9:36:44233
14,18069,2023-10-04,88,29.0,228,3.03,2,4,4,High-Value At-Risk,job_e06ac3b9:14:18069
9,45767,2023-11-05,56,18.5,315,3.03,3,1,3,Need Attention,job_e06ac3b9:9:45767
46,15599,2023-10-24,68,22.5,470,3.02,1,4,4,High-Value At-Risk,job_e06ac3b9:46:15599
31,18109,2023-10-24,68,22.5,441,3.02,4,4,5,Champion / Loyal,job_e06ac3b9:31:18109
31,40709,2023-09-27,95,31.5,286,3.02,4,4,5,Champion / Loyal,job_e06ac3b9:31:40709
57,40706,2023-10-23,69,23.0,473,3.0,1,4,3,High-Value At-Risk,job_e06ac3b9:57:40706
57,37120,2023-10-08,84,28.0,122,3.0,1,4,3,High-Value At-Risk,job_e06ac3b9:57:37120
63,21137,2023-11-22,39,13.0,113,3.0,3,5,5,Need Attention,job_e06ac3b9:63:21137
1,13032,2023-11-07,54,18.0,375,3.0,2,3,2,Average Purchaser,job_e06ac3b9:1:13032
54,14947,2023-10-14,78,26.0,340,3.0,4,5,5,Champion / Loyal,job_e06ac3b9:54:14947
11,19769,2023-10-02,90,30.0,386,3.0,4,2,3,New / Promising,job_e06ac3b9:11:19769
42,27796,2023-08-21,132,44.0,102,3.0,5,4,4,Champion / Loyal,job_e06ac3b9:42:27796
58,17559,2023-09-23,99,33.0,297,3.0,4,4,3,Average Purchaser,job_e06ac3b9:58:17559
64,13176,2023-11-22,39,13.0,303,3.0,5,3,4,Average Purchaser,job_e06ac3b9:64:13176
42,46650,2023-10-08,84,28.0,158,3.0,5,4,4,Champion / Loyal,job_e06ac3b9:42:46650
63,13176,2023-11-22,39,13.0,303,3.0,3,5,5,Need Attention,job_e06ac3b9:63:13176
42,1263,2023-10-08,84,28.0,113,3.0,5,4,4,Champion / Loyal,job_e06ac3b9:42:1263
35,39619,2023-07-15,169,56.5,389,2.99,1,3,4,High-Value At-Risk,job_e06ac3b9:35:39619
35,210,2023-07-15,169,56.5,218,2.99,1,3,4,High-Value At-Risk,job_e06ac3b9:35:210
27,21376,2023-07-20,164,55.0,247,2.98,3,5,5,Need Attention,job_e06ac3b9:27:21376
44,20428,2023-08-16,137,46.0,376,2.98,2,1,2,Low-Value / Lost,job_e06ac3b9:44:20428
53,44142,2023-10-28,64,21.5,291,2.98,4,1,2,New / Promising,job_e06ac3b9:53:44142
35,45066,2023-09-18,104,35.0,399,2.97,1,3,4,High-Value At-Risk,job_e06ac3b9:35:45066
61,21116,2023-09-30,92,31.0,236,2.97,5,1,3,New / Promising,job_e06ac3b9:61:21116
58,14144,2023-10-09,83,28.0,448,2.96,4,4,3,Average Purchaser,job_e06ac3b9:58:14144
8,39110,2023-10-09,83,28.0,367,2.96,4,1,2,New / Promising,job_e06ac3b9:8:39110
17,14146,2023-10-12,80,27.0,352,2.96,1,5,5,High-Value At-Risk,job_e06ac3b9:17:14146
29,35385,2023-11-21,40,13.5,411,2.96,3,4,4,Need Attention,job_e06ac3b9:29:35385
28,41950,2023-11-21,40,13.5,369,2.96,3,5,4,Need Attention,job_e06ac3b9:28:41950
4,35469,2023-10-30,62,21.0,232,2.95,4,2,1,New / Promising,job_e06ac3b9:4:35469
59,45106,2023-10-30,62,21.0,339,2.95,1,3,3,Average Purchaser,job_e06ac3b9:59:45106
4,11865,2023-10-30,62,21.0,408,2.95,4,2,1,New / Promising,job_e06ac3b9:4:11865
61,2189,2023-10-30,62,21.0,257,2.95,5,1,3,New / Promising,job_e06ac3b9:61:2189
37,30450,2023-09-01,121,41.0,457,2.95,4,4,4,Champion / Loyal,job_e06ac3b9:37:30450
59,34126,2023-10-30,62,21.0,78,2.95,1,3,3,Average Purchaser,job_e06ac3b9:59:34126
27,33370,2023-10-11,81,27.5,353,2.95,3,5,5,Need Attention,job_e06ac3b9:27:33370
34,45007,2023-10-30,62,21.0,150,2.95,5,2,1,New / Promising,job_e06ac3b9:34:45007
48,37065,2023-10-27,65,22.0,295,2.95,1,3,3,Average Purchaser,job_e06ac3b9:48:37065
56,16797,2023-11-05,56,19.0,432,2.95,2,3,4,High-Value At-Risk,job_e06ac3b9:56:16797
34,25146,2023-10-30,62,21.0,144,2.95,5,2,1,New / Promising,job_e06ac3b9:34:25146
55,39491,2023-11-02,59,20.0,490,2.95,3,2,3,Need Attention,job_e06ac3b9:55:39491
61,2512,2023-10-30,62,21.0,245,2.95,5,1,3,New / Promising,job_e06ac3b9:61:2512
61,1094,2023-10-30,62,21.0,410,2.95,5,1,3,New / Promising,job_e06ac3b9:61:1094
12,12797,2023-10-01,91,31.0,309,2.94,3,2,3,Need Attention,job_e06ac3b9:12:12797
32,24489,2023-11-11,50,17.0,418,2.94,4,2,4,New / Promising,job_e06ac3b9:32:24489
12,10978,2023-10-01,91,31.0,456,2.94,3,2,3,Need Attention,job_e06ac3b9:12:10978
38,14976,2023-10-10,82,28.0,311,2.93,4,3,4,Average Purchaser,job_e06ac3b9:38:14976
56,47626,2023-10-07,85,29.0,58,2.93,2,3,4,High-Value At-Risk,job_e06ac3b9:56:47626
23,47504,2023-10-10,82,28.0,481,2.93,1,1,2,Low-Value / Lost,job_e06ac3b9:23:47504
54,6638,2023-11-20,41,14.0,242,2.93,4,5,5,Champion / Loyal,job_e06ac3b9:54:6638
14,29382,2023-08-05,148,50.5,57,2.93,2,4,4,High-Value At-Risk,job_e06ac3b9:14:29382
27,13176,2023-11-23,38,13.0,303,2.92,3,5,5,Need Attention,job_e06ac3b9:27:13176
7,15592,2023-11-04,57,19.5,457,2.92,1,4,4,High-Value At-Risk,job_e06ac3b9:7:15592
50,6182,2023-12-15,16,5.5,59,2.91,5,5,5,Champion / Loyal,job_e06ac3b9:50:6182
19,21333,2023-11-29,32,11.0,365,2.91,5,3,4,Average Purchaser,job_e06ac3b9:19:21333
19,40348,2023-11-29,32,11.0,285,2.91,5,3,4,Average Purchaser,job_e06ac3b9:19:40348
19,23734,2023-11-29,32,11.0,430,2.91,5,3,4,Average Purchaser,job_e06ac3b9:19:23734
62,49075,2023-10-31,61,21.0,319,2.9,3,3,3,Need Attention,job_e06ac3b9:62:49075
37,7021,2023-10-02,90,31.0,184,2.9,4,4,4,Champion / Loyal,job_e06ac3b9:37:7021
11,8670,2023-10-02,90,31.0,242,2.9,4,2,3,New / Promising,job_e06ac3b9:11:8670
24,10509,2023-10-14,78,27.0,216,2.89,2,4,2,High-Value At-Risk,job_e06ac3b9:24:10509
41,29180,2023-10-11,81,28.0,428,2.89,1,2,3,Average Purchaser,job_e06ac3b9:41:29180
32,18523,2023-10-11,81,28.0,485,2.89,4,2,4,New / Promising,job_e06ac3b9:32:18523
59,6649,2023-08-07,146,50.5,103,2.89,1,3,3,Average Purchaser,job_e06ac3b9:59:6649
39,34584,2023-11-12,49,17.0,263,2.88,5,2,4,New / Promising,job_e06ac3b9:39:34584
11,30563,2023-12-08,23,8.0,85,2.88,4,2,3,New / Promising,job_e06ac3b9:11:30563
39,9076,2023-11-12,49,17.0,294,2.88,5,2,4,New / Promising,job_e06ac3b9:39:9076
39,28553,2023-11-12,49,17.0,129,2.88,5,2,4,New / Promising,job_e06ac3b9:39:28553
60,24838,2023-11-12,49,17.0,316,2.88,4,3,3,Average Purchaser,job_e06ac3b9:60:24838
8,23165,2023-12-08,23,8.0,120,2.88,4,1,2,New / Promising,job_e06ac3b9:8:23165
46,41544,2023-10-03,89,31.0,419,2.87,1,4,4,High-Value At-Risk,job_e06ac3b9:46:41544
56,32864,2023-11-05,56,19.5,108,2.87,2,3,4,High-Value At-Risk,job_e06ac3b9:56:32864
9,38777,2023-11-05,56,19.5,192,2.87,3,1,3,Need Attention,job_e06ac3b9:9:38777
31,27658,2023-10-12,80,28.0,60,2.86,4,4,5,Champion / Loyal,job_e06ac3b9:31:27658
29,39803,2023-11-21,40,14.0,459,2.86,3,4,4,Need Attention,job_e06ac3b9:29:39803
29,6128,2023-11-21,40,14.0,345,2.86,3,4,4,Need Attention,job_e06ac3b9:29:6128
11,27451,2023-11-01,60,21.0,232,2.86,4,2,3,New / Promising,job_e06ac3b9:11:27451
14,40836,2023-10-29,63,22.0,372,2.86,2,4,4,High-Value At-Risk,job_e06ac3b9:14:40836
32,22963,2023-10-12,80,28.0,167,2.86,4,2,4,New / Promising,job_e06ac3b9:32:22963
32,24852,2023-11-11,50,17.5,437,2.86,4,2,4,New / Promising,job_e06ac3b9:32:24852
58,24703,2023-11-01,60,21.0,208,2.86,4,4,3,Average Purchaser,job_e06ac3b9:58:24703
58,14536,2023-11-01,60,21.0,138,2.86,4,4,3,Average Purchaser,job_e06ac3b9:58:14536
12,22935,2023-10-01,91,32.0,116,2.84,3,2,3,Need Attention,job_e06ac3b9:12:22935
54,47766,2023-11-17,44,15.5,124,2.84,4,5,5,Champion / Loyal,job_e06ac3b9:54:47766
24,7987,2023-10-21,71,25.0,211,2.84,2,4,2,High-Value At-Risk,job_e06ac3b9:24:7987
38,22935,2023-10-01,91,32.0,116,2.84,4,3,4,Average Purchaser,job_e06ac3b9:38:22935
61,37606,2023-09-30,92,32.5,261,2.83,5,1,3,New / Promising,job_e06ac3b9:61:37606
28,46667,2023-07-03,181,64.0,257,2.83,3,5,4,Need Attention,job_e06ac3b9:28:46667
61,48226,2023-09-30,92,32.5,97,2.83,5,1,3,New / Promising,job_e06ac3b9:61:48226
10,7746,2023-10-13,79,28.0,344,2.82,5,2,4,New / Promising,job_e06ac3b9:10:7746
59,34969,2023-10-30,62,22.0,445,2.82,1,3,3,Average Purchaser,job_e06ac3b9:59:34969
10,13512,2023-10-13,79,28.0,110,2.82,5,2,4,New / Promising,job_e06ac3b9:10:13512
33,35921,2023-10-20,72,25.5,347,2.82,1,1,2,Low-Value / Lost,job_e06ac3b9:33:35921
10,45664,2023-10-13,79,28.0,428,2.82,5,2,4,New / Promising,job_e06ac3b9:10:45664
64,26128,2023-11-13,48,17.0,345,2.82,5,3,4,Average Purchaser,job_e06ac3b9:64:26128
10,13212,2023-10-13,79,28.0,459,2.82,5,2,4,New / Promising,job_e06ac3b9:10:13212
10,13198,2023-10-13,79,28.0,478,2.82,5,2,4,New / Promising,job_e06ac3b9:10:13198
10,36735,2023-10-13,79,28.0,61,2.82,5,2,4,New / Promising,job_e06ac3b9:10:36735
10,35973,2023-10-13,79,28.0,58,2.82,5,2,4,New / Promising,job_e06ac3b9:10:35973
64,36758,2023-11-13,48,17.0,295,2.82,5,3,4,Average Purchaser,job_e06ac3b9:64:36758
10,27156,2023-10-13,79,28.0,334,2.82,5,2,4,New / Promising,job_e06ac3b9:10:27156
60,160,2023-10-13,79,28.0,283,2.82,4,3,3,Average Purchaser,job_e06ac3b9:60:160
60,40310,2023-10-13,79,28.0,54,2.82,4,3,3,Average Purchaser,job_e06ac3b9:60:40310
60,4269,2023-10-13,79,28.0,442,2.82,4,3,3,Average Purchaser,job_e06ac3b9:60:4269
34,16349,2023-10-30,62,22.0,486,2.82,5,2,1,New / Promising,job_e06ac3b9:34:16349
16,28289,2023-11-06,55,19.5,243,2.82,2,2,3,Average Purchaser,job_e06ac3b9:16:28289
14,31701,2023-11-02,59,21.0,207,2.81,2,4,4,High-Value At-Risk,job_e06ac3b9:14:31701
14,3384,2023-11-02,59,21.0,276,2.81,2,4,4,High-Value At-Risk,job_e06ac3b9:14:3384
33,14895,2023-08-24,129,46.0,144,2.8,1,1,2,Low-Value / Lost,job_e06ac3b9:33:14895
3,17668,2023-11-05,56,20.0,328,2.8,3,3,3,Need Attention,job_e06ac3b9:3:17668
9,38277,2023-11-05,56,20.0,76,2.8,3,1,3,Need Attention,job_e06ac3b9:9:38277
9,2732,2023-11-05,56,20.0,379,2.8,3,1,3,Need Attention,job_e06ac3b9:9:2732
9,3634,2023-11-05,56,20.0,235,2.8,3,1,3,Need Attention,job_e06ac3b9:9:3634
52,12427,2023-11-05,56,20.0,292,2.8,3,5,4,Need Attention,job_e06ac3b9:52:12427
9,24952,2023-11-05,56,20.0,404,2.8,3,1,3,Need Attention,job_e06ac3b9:9:24952
31,11148,2023-11-19,42,15.0,293,2.8,4,4,5,Champion / Loyal,job_e06ac3b9:31:11148
39,24852,2023-11-12,49,17.5,437,2.8,5,2,4,New / Promising,job_e06ac3b9:39:24852
10,38293,2023-11-08,53,19.0,491,2.79,5,2,4,New / Promising,job_e06ac3b9:10:38293
2,22963,2023-10-14,78,28.0,167,2.79,5,4,4,Champion / Loyal,job_e06ac3b9:2:22963
26,17874,2023-11-22,39,14.0,332,2.79,5,3,2,Average Purchaser,job_e06ac3b9:26:17874
64,18811,2023-11-22,39,14.0,54,2.79,5,3,4,Average Purchaser,job_e06ac3b9:64:18811
42,41973,2023-08-12,141,50.5,459,2.79,5,4,4,Champion / Loyal,job_e06ac3b9:42:41973
54,44021,2023-10-14,78,28.0,417,2.79,4,5,5,Champion / Loyal,job_e06ac3b9:54:44021
26,39238,2023-11-22,39,14.0,421,2.79,5,3,2,Average Purchaser,job_e06ac3b9:26:39238
64,46969,2023-11-22,39,14.0,115,2.79,5,3,4,Average Purchaser,job_e06ac3b9:64:46969
26,21312,2023-11-08,53,19.0,221,2.79,5,3,2,Average Purchaser,job_e06ac3b9:26:21312
2,36735,2023-10-14,78,28.0,61,2.79,5,4,4,Champion / Loyal,job_e06ac3b9:2:36735
32,6187,2023-11-11,50,18.0,324,2.78,4,2,4,New / Promising,job_e06ac3b9:32:6187
62,42425,2023-10-17,75,27.0,156,2.78,3,3,3,Need Attention,job_e06ac3b9:62:42425
12,48364,2023-10-31,61,22.0,227,2.77,3,2,3,Need Attention,job_e06ac3b9:12:48364
54,26209,2023-10-20,72,26.0,314,2.77,4,5,5,Champion / Loyal,job_e06ac3b9:54:26209
33,14947,2023-10-20,72,26.0,340,2.77,1,1,2,Low-Value / Lost,job_e06ac3b9:33:14947
54,40174,2023-11-25,36,13.0,312,2.77,4,5,5,Champion / Loyal,job_e06ac3b9:54:40174
8,44099,2023-10-09,83,30.0,447,2.77,4,1,2,New / Promising,job_e06ac3b9:8:44099
12,34243,2023-10-31,61,22.0,219,2.77,3,2,3,Need Attention,job_e06ac3b9:12:34243
19,48440,2023-11-03,58,21.0,170,2.76,5,3,4,Average Purchaser,job_e06ac3b9:19:48440
19,18174,2023-11-03,58,21.0,366,2.76,5,3,4,Average Purchaser,job_e06ac3b9:19:18174
12,21616,2023-10-01,91,33.0,362,2.76,3,2,3,Need Attention,job_e06ac3b9:12:21616
44,27156,2023-10-15,77,28.0,334,2.75,2,1,2,Low-Value / Lost,job_e06ac3b9:44:27156
50,23165,2023-12-09,22,8.0,120,2.75,5,5,5,Champion / Loyal,job_e06ac3b9:50:23165
29,13129,2023-10-15,77,28.0,64,2.75,3,4,4,Need Attention,job_e06ac3b9:29:13129
29,43282,2023-08-02,151,55.0,220,2.75,3,4,4,Need Attention,job_e06ac3b9:29:43282
44,1073,2023-10-15,77,28.0,71,2.75,2,1,2,Low-Value / Lost,job_e06ac3b9:44:1073
40,25999,2023-11-02,59,21.5,174,2.74,2,3,3,Average Purchaser,job_e06ac3b9:40:25999
63,35140,2023-11-09,52,19.0,404,2.74,3,5,5,Need Attention,job_e06ac3b9:63:35140
55,33000,2023-09-07,115,42.0,411,2.74,3,2,3,Need Attention,job_e06ac3b9:55:33000
34,5134,2023-11-09,52,19.0,74,2.74,5,2,1,New / Promising,job_e06ac3b9:34:5134
56,24852,2023-11-13,48,17.5,437,2.74,2,3,4,High-Value At-Risk,job_e06ac3b9:56:24852
23,31268,2023-08-27,126,46.0,224,2.74,1,1,2,Low-Value / Lost,job_e06ac3b9:23:31268
14,8928,2023-11-02,59,21.5,228,2.74,2,4,4,High-Value At-Risk,job_e06ac3b9:14:8928
23,3518,2023-08-27,126,46.0,301,2.74,1,1,2,Low-Value / Lost,job_e06ac3b9:23:3518
10,21833,2023-10-25,67,24.5,276,2.73,5,2,4,New / Promising,job_e06ac3b9:10:21833
58,41486,2023-08-15,138,50.5,211,2.73,4,4,3,Average Purchaser,job_e06ac3b9:58:41486
23,2138,2023-10-10,82,30.0,489,2.73,1,1,2,Low-Value / Lost,job_e06ac3b9:23:2138
7,31717,2023-10-25,67,24.5,377,2.73,1,4,4,High-Value At-Risk,job_e06ac3b9:7:31717
50,47209,2023-11-20,41,15.0,180,2.73,5,5,5,Champion / Loyal,job_e06ac3b9:50:47209
11,95,2023-10-02,90,33.0,229,2.73,4,2,3,New / Promising,job_e06ac3b9:11:95
58,8193,2023-11-01,60,22.0,89,2.73,4,4,3,Average Purchaser,job_e06ac3b9:58:8193
27,45603,2023-11-12,49,18.0,332,2.72,3,5,5,Need Attention,job_e06ac3b9:27:45603
10,16857,2023-10-13,79,29.0,368,2.72,5,2,4,New / Promising,job_e06ac3b9:10:16857
56,16321,2023-09-24,98,36.0,493,2.72,2,3,4,High-Value At-Risk,job_e06ac3b9:56:16321
35,4942,2023-10-16,76,28.0,141,2.71,1,3,4,High-Value At-Risk,job_e06ac3b9:35:4942
62,12745,2023-11-04,57,21.0,323,2.71,3,3,3,Need Attention,job_e06ac3b9:62:12745
7,47272,2023-11-04,57,21.0,425,2.71,1,4,4,High-Value At-Risk,job_e06ac3b9:7:47272
56,79,2023-10-15,77,28.5,121,2.7,2,3,4,High-Value At-Risk,job_e06ac3b9:56:79
1,12427,2023-11-07,54,20.0,292,2.7,2,3,2,Average Purchaser,job_e06ac3b9:1:12427
19,27138,2023-11-03,58,21.5,114,2.7,5,3,4,Average Purchaser,job_e06ac3b9:19:27138
1,35951,2023-11-07,54,20.0,282,2.7,2,3,2,Average Purchaser,job_e06ac3b9:1:35951
31,49662,2023-11-07,54,20.0,458,2.7,4,4,5,Champion / Loyal,job_e06ac3b9:31:49662
31,45104,2023-11-07,54,20.0,386,2.7,4,4,5,Champion / Loyal,job_e06ac3b9:31:45104
31,29513,2023-11-07,54,20.0,432,2.7,4,4,5,Champion / Loyal,job_e06ac3b9:31:29513
31,47933,2023-11-07,54,20.0,117,2.7,4,4,5,Champion / Loyal,job_e06ac3b9:31:47933
25,43758,2023-10-22,70,26.0,55,2.69,5,1,1,New / Promising,job_e06ac3b9:25:43758
8,23400,2023-10-09,83,31.0,260,2.68,4,1,2,New / Promising,job_e06ac3b9:8:23400
14,23271,2023-09-04,118,44.0,187,2.68,2,4,4,High-Value At-Risk,job_e06ac3b9:14:23271
57,34429,2023-11-02,59,22.0,263,2.68,1,4,3,High-Value At-Risk,job_e06ac3b9:57:34429
57,8193,2023-11-02,59,22.0,89,2.68,1,4,3,High-Value At-Risk,job_e06ac3b9:57:8193
58,25544,2023-10-09,83,31.0,87,2.68,4,4,3,Average Purchaser,job_e06ac3b9:58:25544
9,24954,2023-11-05,56,21.0,446,2.67,3,1,3,Need Attention,job_e06ac3b9:9:24954
9,20899,2023-11-05,56,21.0,59,2.67,3,1,3,Need Attention,job_e06ac3b9:9:20899
9,18926,2023-11-05,56,21.0,234,2.67,3,1,3,Need Attention,job_e06ac3b9:9:18926
9,17600,2023-11-05,56,21.0,171,2.67,3,1,3,Need Attention,job_e06ac3b9:9:17600
28,41787,2023-11-21,40,15.0,230,2.67,3,5,4,Need Attention,job_e06ac3b9:28:41787
9,27973,2023-11-05,56,21.0,186,2.67,3,1,3,Need Attention,job_e06ac3b9:9:27973
9,29594,2023-11-05,56,21.0,294,2.67,3,1,3,Need Attention,job_e06ac3b9:9:29594
54,18531,2023-11-25,36,13.5,368,2.67,4,5,5,Champion / Loyal,job_e06ac3b9:54:18531
21,13263,2023-11-05,56,21.0,342,2.67,3,5,4,Need Attention,job_e06ac3b9:21:13263
42,33394,2023-11-29,32,12.0,139,2.67,5,4,4,Champion / Loyal,job_e06ac3b9:42:33394
9,24341,2023-11-05,56,21.0,97,2.67,3,1,3,Need Attention,job_e06ac3b9:9:24341
32,46979,2023-10-12,80,30.0,450,2.67,4,2,4,New / Promising,job_e06ac3b9:32:46979
21,28465,2023-11-05,56,21.0,133,2.67,3,5,4,Need Attention,job_e06ac3b9:21:28465
33,32912,2023-10-20,72,27.0,216,2.67,1,1,2,Low-Value / Lost,job_e06ac3b9:33:32912
44,5955,2023-10-15,77,29.0,104,2.66,2,1,2,Low-Value / Lost,job_e06ac3b9:44:5955
12,12872,2023-09-05,117,44.0,272,2.66,3,2,3,Need Attention,job_e06ac3b9:12:12872
3,47766,2023-11-20,41,15.5,124,2.65,3,3,3,Need Attention,job_e06ac3b9:3:47766
37,8518,2023-05-17,228,86.0,176,2.65,4,4,4,Champion / Loyal,job_e06ac3b9:37:8518
63,42445,2023-10-31,61,23.0,258,2.65,3,5,5,Need Attention,job_e06ac3b9:63:42445
8,43295,2023-11-08,53,20.0,143,2.65,4,1,2,New / Promising,job_e06ac3b9:8:43295
35,4605,2023-07-15,169,64.0,267,2.64,1,3,4,High-Value At-Risk,job_e06ac3b9:35:4605
50,10666,2023-10-18,74,28.0,190,2.64,5,5,5,Champion / Loyal,job_e06ac3b9:50:10666
49,10492,2023-10-05,87,33.0,168,2.64,1,3,2,Average Purchaser,job_e06ac3b9:49:10492
7,27344,2023-10-18,74,28.0,170,2.64,1,4,4,High-Value At-Risk,job_e06ac3b9:7:27344
59,204,2023-06-01,213,81.0,181,2.63,1,3,3,Average Purchaser,job_e06ac3b9:59:204
48,46979,2023-10-13,79,30.0,450,2.63,1,3,3,Average Purchaser,job_e06ac3b9:48:46979
22,22935,2023-10-08,84,32.0,116,2.62,1,4,3,High-Value At-Risk,job_e06ac3b9:22:22935
49,35833,2023-11-02,59,22.5,490,2.62,1,3,2,Average Purchaser,job_e06ac3b9:49:35833
52,46516,2023-11-23,38,14.5,138,2.62,3,5,4,Need Attention,job_e06ac3b9:52:46516
46,45064,2023-10-24,68,26.0,310,2.62,1,4,4,High-Value At-Risk,job_e06ac3b9:46:45064
46,31459,2023-10-24,68,26.0,104,2.62,1,4,4,High-Value At-Risk,job_e06ac3b9:46:31459
27,37552,2023-11-01,60,23.0,189,2.61,3,5,5,Need Attention,job_e06ac3b9:27:37552
64,40723,2023-11-22,39,15.0,341,2.6,5,3,4,Average Purchaser,job_e06ac3b9:64:40723
38,26683,2023-11-09,52,20.0,183,2.6,4,3,4,Average Purchaser,job_e06ac3b9:38:26683
64,47209,2023-11-22,39,15.0,180,2.6,5,3,4,Average Purchaser,job_e06ac3b9:64:47209
38,48109,2023-11-09,52,20.0,126,2.6,4,3,4,Average Purchaser,job_e06ac3b9:38:48109
21,8214,2023-11-05,56,21.5,422,2.6,3,5,4,Need Attention,job_e06ac3b9:21:8214
64,30391,2023-11-22,39,15.0,192,2.6,5,3,4,Average Purchaser,job_e06ac3b9:64:30391
14,10735,2023-11-09,52,20.0,216,2.6,2,4,4,High-Value At-Risk,job_e06ac3b9:14:10735
12,42736,2023-10-01,91,35.0,61,2.6,3,2,3,Need Attention,job_e06ac3b9:12:42736
45,24098,2023-11-22,39,15.0,320,2.6,3,1,1,Average Purchaser,job_e06ac3b9:45:24098
49,31467,2023-08-06,147,56.5,333,2.6,1,3,2,Average Purchaser,job_e06ac3b9:49:31467
62,3952,2023-11-04,57,22.0,61,2.59,3,3,3,Need Attention,job_e06ac3b9:62:3952
36,15655,2023-09-29,93,36.0,494,2.58,2,5,4,High-Value At-Risk,job_e06ac3b9:36:15655
2,21376,2023-08-11,142,55.0,247,2.58,5,4,4,Champion / Loyal,job_e06ac3b9:2:21376
36,12145,2023-10-07,85,33.0,245,2.58,2,5,4,High-Value At-Risk,job_e06ac3b9:36:12145
10,26209,2023-10-25,67,26.0,314,2.58,5,2,4,New / Promising,job_e06ac3b9:10:26209
34,21783,2023-11-30,31,12.0,125,2.58,5,2,1,New / Promising,job_e06ac3b9:34:21783
7,26209,2023-10-25,67,26.0,314,2.58,1,4,4,High-Value At-Risk,job_e06ac3b9:7:26209
58,48271,2023-08-16,137,53.0,173,2.58,4,4,3,Average Purchaser,job_e06ac3b9:58:48271
53,22176,2023-11-30,31,12.0,427,2.58,4,1,2,New / Promising,job_e06ac3b9:53:22176
27,5073,2023-11-12,49,19.0,269,2.58,3,5,5,Need Attention,job_e06ac3b9:27:5073
31,15623,2023-11-07,54,21.0,87,2.57,4,4,5,Champion / Loyal,job_e06ac3b9:31:15623
54,41953,2023-10-20,72,28.0,362,2.57,4,5,5,Champion / Loyal,job_e06ac3b9:54:41953
33,15718,2023-10-20,72,28.0,91,2.57,1,1,2,Low-Value / Lost,job_e06ac3b9:33:15718
31,12099,2023-11-07,54,21.0,203,2.57,4,4,5,Champion / Loyal,job_e06ac3b9:31:12099
33,32441,2023-10-20,72,28.0,104,2.57,1,1,2,Low-Value / Lost,job_e06ac3b9:33:32441
31,45321,2023-11-07,54,21.0,443,2.57,4,4,5,Champion / Loyal,job_e06ac3b9:31:45321
31,19809,2023-11-07,54,21.0,129,2.57,4,4,5,Champion / Loyal,job_e06ac3b9:31:19809
31,44571,2023-11-07,54,21.0,462,2.57,4,4,5,Champion / Loyal,job_e06ac3b9:31:44571
1,38928,2023-11-07,54,21.0,59,2.57,2,3,2,Average Purchaser,job_e06ac3b9:1:38928
54,14364,2023-10-20,72,28.0,165,2.57,4,5,5,Champion / Loyal,job_e06ac3b9:54:14364
36,44632,2023-10-20,72,28.0,175,2.57,2,5,4,High-Value At-Risk,job_e06ac3b9:36:44632
29,42551,2023-11-07,54,21.0,406,2.57,3,4,4,Need Attention,job_e06ac3b9:29:42551
31,28577,2023-11-07,54,21.0,424,2.57,4,4,5,Champion / Loyal,job_e06ac3b9:31:28577
1,10258,2023-11-07,54,21.0,453,2.57,2,3,2,Average Purchaser,job_e06ac3b9:1:10258
54,5024,2023-10-20,72,28.0,321,2.57,4,5,5,Champion / Loyal,job_e06ac3b9:54:5024
31,47366,2023-11-15,46,18.0,286,2.56,4,4,5,Champion / Loyal,job_e06ac3b9:31:47366
31,6187,2023-11-15,46,18.0,324,2.56,4,4,5,Champion / Loyal,job_e06ac3b9:31:6187
27,46906,2023-11-29,32,12.5,359,2.56,3,5,5,Need Attention,job_e06ac3b9:27:46906
31,25232,2023-11-15,46,18.0,295,2.56,4,4,5,Champion / Loyal,job_e06ac3b9:31:25232
64,35004,2023-11-06,55,21.5,382,2.56,5,3,4,Average Purchaser,job_e06ac3b9:64:35004
16,46667,2023-07-20,164,64.0,257,2.56,2,2,3,Average Purchaser,job_e06ac3b9:16:46667
31,45603,2023-11-15,46,18.0,332,2.56,4,4,5,Champion / Loyal,job_e06ac3b9:31:45603
64,36772,2023-11-06,55,21.5,244,2.56,5,3,4,Average Purchaser,job_e06ac3b9:64:36772
52,27790,2023-12-03,28,11.0,495,2.55,3,5,4,Need Attention,job_e06ac3b9:52:27790
42,30511,2023-10-08,84,33.0,449,2.55,5,4,4,Champion / Loyal,job_e06ac3b9:42:30511
2,16521,2023-11-13,48,19.0,290,2.53,5,4,4,Champion / Loyal,job_e06ac3b9:2:16521
56,38293,2023-11-13,48,19.0,491,2.53,2,3,4,High-Value At-Risk,job_e06ac3b9:56:38293
34,4086,2023-10-30,62,24.5,203,2.53,5,2,1,New / Promising,job_e06ac3b9:34:4086
35,48230,2023-10-16,76,30.0,132,2.53,1,3,4,High-Value At-Risk,job_e06ac3b9:35:48230
34,31717,2023-10-30,62,24.5,377,2.53,5,2,1,New / Promising,job_e06ac3b9:34:31717
11,40055,2023-11-08,53,21.0,135,2.52,4,2,3,New / Promising,job_e06ac3b9:11:40055
43,2180,2023-09-11,111,44.0,78,2.52,1,3,4,High-Value At-Risk,job_e06ac3b9:43:2180
11,34551,2023-11-08,53,21.0,284,2.52,4,2,3,New / Promising,job_e06ac3b9:11:34551
8,11136,2023-11-08,53,21.0,300,2.52,4,1,2,New / Promising,job_e06ac3b9:8:11136
11,28465,2023-11-08,53,21.0,133,2.52,4,2,3,New / Promising,job_e06ac3b9:11:28465
5,24535,2023-11-08,53,21.0,457,2.52,2,1,2,Low-Value / Lost,job_e06ac3b9:5:24535
8,34190,2023-10-09,83,33.0,52,2.52,4,1,2,New / Promising,job_e06ac3b9:8:34190
27,19894,2023-11-12,49,19.5,96,2.51,3,5,5,Need Attention,job_e06ac3b9:27:19894
48,26209,2023-10-27,65,26.0,314,2.5,1,3,3,Average Purchaser,job_e06ac3b9:48:26209
62,12320,2023-08-12,141,56.5,469,2.5,3,3,3,Need Attention,job_e06ac3b9:62:12320
16,21405,2023-11-06,55,22.0,279,2.5,2,2,3,Average Purchaser,job_e06ac3b9:16:21405
29,41653,2023-10-27,65,26.0,496,2.5,3,4,4,Need Attention,job_e06ac3b9:29:41653
16,15872,2023-11-06,55,22.0,499,2.5,2,2,3,Average Purchaser,job_e06ac3b9:16:15872
62,46979,2023-10-17,75,30.0,450,2.5,3,3,3,Need Attention,job_e06ac3b9:62:46979
2,39928,2023-11-26,35,14.0,232,2.5,5,4,4,Champion / Loyal,job_e06ac3b9:2:39928
40,41844,2023-11-16,45,18.0,287,2.5,2,3,3,Average Purchaser,job_e06ac3b9:40:41844
48,49683,2023-10-27,65,26.0,193,2.5,1,3,3,Average Purchaser,job_e06ac3b9:48:49683
17,21187,2023-09-15,107,43.0,402,2.49,1,5,5,High-Value At-Risk,job_e06ac3b9:17:21187
63,21417,2023-11-09,52,21.0,398,2.48,3,5,5,Need Attention,job_e06ac3b9:63:21417
34,33731,2023-10-30,62,25.0,490,2.48,5,2,1,New / Promising,job_e06ac3b9:34:33731
14,37266,2023-11-09,52,21.0,200,2.48,2,4,4,High-Value At-Risk,job_e06ac3b9:14:37266
38,300,2023-11-09,52,21.0,155,2.48,4,3,4,Average Purchaser,job_e06ac3b9:38:300
5,21616,2023-10-10,82,33.0,362,2.48,2,1,2,Low-Value / Lost,job_e06ac3b9:5:21616
38,7358,2023-10-10,82,33.0,237,2.48,4,3,4,Average Purchaser,job_e06ac3b9:38:7358
53,16797,2023-11-14,47,19.0,432,2.47,4,1,2,New / Promising,job_e06ac3b9:53:16797
27,21137,2023-11-29,32,13.0,113,2.46,3,5,5,Need Attention,job_e06ac3b9:27:21137
19,18102,2023-11-29,32,13.0,105,2.46,5,3,4,Average Purchaser,job_e06ac3b9:19:18102
19,35123,2023-11-29,32,13.0,314,2.46,5,3,4,Average Purchaser,job_e06ac3b9:19:35123
60,20842,2023-11-12,49,20.0,323,2.45,4,3,3,Average Purchaser,job_e06ac3b9:60:20842
64,36929,2023-11-22,39,16.0,205,2.44,5,3,4,Average Purchaser,job_e06ac3b9:64:36929
20,13914,2023-10-26,66,27.0,355,2.44,3,1,1,Average Purchaser,job_e06ac3b9:20:13914
40,49174,2023-10-26,66,27.0,123,2.44,2,3,3,Average Purchaser,job_e06ac3b9:40:49174
13,41480,2023-10-19,73,30.0,232,2.43,5,3,3,Average Purchaser,job_e06ac3b9:13:41480
31,8385,2023-10-24,68,28.0,143,2.43,4,4,5,Champion / Loyal,job_e06ac3b9:31:8385
46,24660,2023-10-24,68,28.0,94,2.43,1,4,4,High-Value At-Risk,job_e06ac3b9:46:24660
47,38659,2023-11-10,51,21.0,455,2.43,5,2,1,New / Promising,job_e06ac3b9:47:38659
54,12023,2023-11-27,34,14.0,196,2.43,4,5,5,Champion / Loyal,job_e06ac3b9:54:12023
37,44632,2023-10-24,68,28.0,175,2.43,4,4,4,Champion / Loyal,job_e06ac3b9:37:44632
59,25886,2023-10-19,73,30.0,445,2.43,1,3,3,Average Purchaser,job_e06ac3b9:59:25886
23,33861,2023-09-10,112,46.0,70,2.43,1,1,2,Low-Value / Lost,job_e06ac3b9:23:33861
31,11463,2023-10-24,68,28.0,237,2.43,4,4,5,Champion / Loyal,job_e06ac3b9:31:11463
14,32211,2023-10-29,63,26.0,315,2.42,2,4,4,High-Value At-Risk,job_e06ac3b9:14:32211
62,38288,2023-08-16,137,56.5,119,2.42,3,3,3,Need Attention,job_e06ac3b9:62:38288
62,22007,2023-10-17,75,31.0,327,2.42,3,3,3,Need Attention,job_e06ac3b9:62:22007
8,26882,2023-11-08,53,22.0,401,2.41,4,1,2,New / Promising,job_e06ac3b9:8:26882
43,36477,2023-09-11,111,46.0,251,2.41,1,3,4,High-Value At-Risk,job_e06ac3b9:43:36477
8,32197,2023-11-08,53,22.0,227,2.41,4,1,2,New / Promising,job_e06ac3b9:8:32197
5,43693,2023-11-08,53,22.0,317,2.41,2,1,2,Low-Value / Lost,job_e06ac3b9:5:43693
5,13988,2023-11-08,53,22.0,117,2.41,2,1,2,Low-Value / Lost,job_e06ac3b9:5:13988
13,37385,2023-11-08,53,22.0,197,2.41,5,3,3,Average Purchaser,job_e06ac3b9:13:37385
18,29328,2023-11-14,47,19.5,229,2.41,5,2,2,New / Promising,job_e06ac3b9:18:29328
8,9839,2023-11-08,53,22.0,423,2.41,4,1,2,New / Promising,job_e06ac3b9:8:9839
54,40516,2023-11-14,47,19.5,320,2.41,4,5,5,Champion / Loyal,job_e06ac3b9:54:40516
54,45066,2023-10-08,84,35.0,399,2.4,4,5,5,Champion / Loyal,job_e06ac3b9:54:45066
26,10339,2023-12-07,24,10.0,491,2.4,5,3,2,Average Purchaser,job_e06ac3b9:26:10339
11,30855,2023-11-01,60,25.0,264,2.4,4,2,3,New / Promising,job_e06ac3b9:11:30855
27,37103,2023-11-01,60,25.0,263,2.4,3,5,5,Need Attention,job_e06ac3b9:27:37103
31,25985,2023-11-07,54,22.5,161,2.4,4,4,5,Champion / Loyal,job_e06ac3b9:31:25985
59,21376,2023-08-21,132,55.0,247,2.4,1,3,3,Average Purchaser,job_e06ac3b9:59:21376
10,11068,2023-10-25,67,28.0,100,2.39,5,2,4,New / Promising,job_e06ac3b9:10:11068
10,42342,2023-10-25,67,28.0,269,2.39,5,2,4,New / Promising,job_e06ac3b9:10:42342
7,27156,2023-10-25,67,28.0,334,2.39,1,4,4,High-Value At-Risk,job_e06ac3b9:7:27156
10,28928,2023-10-25,67,28.0,153,2.39,5,2,4,New / Promising,job_e06ac3b9:10:28928
7,35333,2023-10-25,67,28.0,72,2.39,1,4,4,High-Value At-Risk,job_e06ac3b9:7:35333
32,4793,2023-11-11,50,21.0,152,2.38,4,2,4,New / Promising,job_e06ac3b9:32:4793
28,42768,2023-08-20,133,56.0,134,2.38,3,5,4,Need Attention,job_e06ac3b9:28:42768
39,41149,2023-12-12,19,8.0,398,2.38,5,2,4,New / Promising,job_e06ac3b9:39:41149
32,17630,2023-11-11,50,21.0,231,2.38,4,2,4,New / Promising,job_e06ac3b9:32:17630
32,45774,2023-11-11,50,21.0,388,2.38,4,2,4,New / Promising,job_e06ac3b9:32:45774
12,33761,2023-08-22,131,55.0,378,2.38,3,2,3,Need Attention,job_e06ac3b9:12:33761
50,21137,2023-11-30,31,13.0,113,2.38,5,5,5,Champion / Loyal,job_e06ac3b9:50:21137
36,42367,2023-11-04,57,24.0,128,2.38,2,5,4,High-Value At-Risk,job_e06ac3b9:36:42367
32,13049,2023-11-11,50,21.0,488,2.38,4,2,4,New / Promising,job_e06ac3b9:32:13049
7,23712,2023-10-28,64,27.0,185,2.37,1,4,4,High-Value At-Risk,job_e06ac3b9:7:23712
40,29926,2023-11-16,45,19.0,64,2.37,2,3,3,Average Purchaser,job_e06ac3b9:40:29926
19,20945,2023-10-26,66,28.0,270,2.36,5,3,4,Average Purchaser,job_e06ac3b9:19:20945
19,46052,2023-10-26,66,28.0,250,2.36,5,3,4,Average Purchaser,job_e06ac3b9:19:46052
56,38164,2023-10-07,85,36.0,237,2.36,2,3,4,High-Value At-Risk,job_e06ac3b9:56:38164
63,3952,2023-11-09,52,22.0,61,2.36,3,5,5,Need Attention,job_e06ac3b9:63:3952
47,27360,2023-11-28,33,14.0,146,2.36,5,2,1,New / Promising,job_e06ac3b9:47:27360
34,35547,2023-11-09,52,22.0,461,2.36,5,2,1,New / Promising,job_e06ac3b9:34:35547
48,4455,2023-10-27,65,27.5,335,2.36,1,3,3,Average Purchaser,job_e06ac3b9:48:4455
29,37645,2023-11-07,54,23.0,242,2.35,3,4,4,Need Attention,job_e06ac3b9:29:37645
4,26576,2023-11-14,47,20.0,253,2.35,4,2,1,New / Promising,job_e06ac3b9:4:26576
12,7120,2023-10-31,61,26.0,367,2.35,3,2,3,Need Attention,job_e06ac3b9:12:7120
33,17498,2023-08-24,129,55.0,233,2.35,1,1,2,Low-Value / Lost,job_e06ac3b9:33:17498
53,24339,2023-11-14,47,20.0,245,2.35,4,1,2,New / Promising,job_e06ac3b9:53:24339
12,49683,2023-10-31,61,26.0,193,2.35,3,2,3,Need Attention,job_e06ac3b9:12:49683
33,37507,2023-08-24,129,55.0,52,2.35,1,1,2,Low-Value / Lost,job_e06ac3b9:33:37507
57,32734,2023-09-19,103,44.0,354,2.34,1,4,3,High-Value At-Risk,job_e06ac3b9:57:32734
9,12075,2023-11-05,56,24.0,410,2.33,3,1,3,Need Attention,job_e06ac3b9:9:12075
2,47209,2023-11-26,35,15.0,180,2.33,5,4,4,Champion / Loyal,job_e06ac3b9:2:47209
9,27596,2023-11-05,56,24.0,61,2.33,3,1,3,Need Attention,job_e06ac3b9:9:27596
44,21616,2023-10-15,77,33.0,362,2.33,2,1,2,Low-Value / Lost,job_e06ac3b9:44:21616
21,17982,2023-11-05,56,24.0,460,2.33,3,5,4,Need Attention,job_e06ac3b9:21:17982
38,31343,2023-10-01,91,39.0,312,2.33,4,3,4,Average Purchaser,job_e06ac3b9:38:31343
22,4217,2023-10-08,84,36.0,242,2.33,1,4,3,High-Value At-Risk,job_e06ac3b9:22:4217
27,25010,2023-11-12,49,21.0,212,2.33,3,5,5,Need Attention,job_e06ac3b9:27:25010
31,40865,2023-11-19,42,18.0,167,2.33,4,4,5,Champion / Loyal,job_e06ac3b9:31:40865
54,38400,2023-11-10,51,22.0,344,2.32,4,5,5,Champion / Loyal,job_e06ac3b9:54:38400
12,12206,2023-08-22,131,56.5,386,2.32,3,2,3,Need Attention,job_e06ac3b9:12:12206
54,890,2023-10-20,72,31.0,236,2.32,4,5,5,Champion / Loyal,job_e06ac3b9:54:890
54,39558,2023-11-10,51,22.0,275,2.32,4,5,5,Champion / Loyal,job_e06ac3b9:54:39558
27,39275,2023-11-17,44,19.0,188,2.32,3,5,5,Need Attention,job_e06ac3b9:27:39275
10,21174,2023-10-25,67,29.0,146,2.31,5,2,4,New / Promising,job_e06ac3b9:10:21174
10,47626,2023-10-25,67,29.0,58,2.31,5,2,4,New / Promising,job_e06ac3b9:10:47626
28,21174,2023-10-25,67,29.0,146,2.31,3,5,4,Need Attention,job_e06ac3b9:28:21174
5,40706,2023-11-08,53,23.0,473,2.3,2,1,2,Low-Value / Lost,job_e06ac3b9:5:40706
18,36216,2023-12-08,23,10.0,179,2.3,5,2,2,New / Promising,job_e06ac3b9:18:36216
17,23117,2023-07-23,161,70.0,342,2.3,1,5,5,High-Value At-Risk,job_e06ac3b9:17:23117
31,3161,2023-11-15,46,20.0,85,2.3,4,4,5,Champion / Loyal,job_e06ac3b9:31:3161
2,5869,2023-11-13,48,21.0,247,2.29,5,4,4,Champion / Loyal,job_e06ac3b9:2:5869
56,19174,2023-11-13,48,21.0,343,2.29,2,3,4,High-Value At-Risk,job_e06ac3b9:56:19174
56,10343,2023-11-13,48,21.0,329,2.29,2,3,4,High-Value At-Risk,job_e06ac3b9:56:10343
19,3334,2023-11-29,32,14.0,187,2.29,5,3,4,Average Purchaser,job_e06ac3b9:19:3334
2,44303,2023-11-13,48,21.0,142,2.29,5,4,4,Champion / Loyal,job_e06ac3b9:2:44303
61,23106,2023-11-13,48,21.0,435,2.29,5,1,3,New / Promising,job_e06ac3b9:61:23106
39,8203,2023-10-28,64,28.0,128,2.29,5,2,4,New / Promising,job_e06ac3b9:39:8203
61,25593,2023-11-13,48,21.0,400,2.29,5,1,3,New / Promising,job_e06ac3b9:61:25593
26,49157,2023-11-29,32,14.0,495,2.29,5,3,2,Average Purchaser,job_e06ac3b9:26:49157
9,26604,2023-11-05,56,24.5,388,2.29,3,1,3,Need Attention,job_e06ac3b9:9:26604
27,14086,2023-11-29,32,14.0,62,2.29,3,5,5,Need Attention,job_e06ac3b9:27:14086
28,24852,2023-11-21,40,17.5,437,2.29,3,5,4,Need Attention,job_e06ac3b9:28:24852
32,27966,2023-11-11,50,22.0,221,2.27,4,2,4,New / Promising,job_e06ac3b9:32:27966
42,6825,2023-10-08,84,37.0,175,2.27,5,4,4,Champion / Loyal,job_e06ac3b9:42:6825
40,17044,2023-11-02,59,26.0,106,2.27,2,3,3,Average Purchaser,job_e06ac3b9:40:17044
62,95,2023-10-17,75,33.0,229,2.27,3,3,3,Need Attention,job_e06ac3b9:62:95
38,6736,2023-08-28,125,55.0,80,2.27,4,3,4,Average Purchaser,job_e06ac3b9:38:6736
38,44769,2023-08-28,125,55.0,366,2.27,4,3,4,Average Purchaser,job_e06ac3b9:38:44769
38,40706,2023-11-09,52,23.0,473,2.26,4,3,4,Average Purchaser,job_e06ac3b9:38:40706
1,25133,2023-11-07,54,24.0,484,2.25,2,3,2,Average Purchaser,job_e06ac3b9:1:25133
13,25134,2023-12-13,18,8.0,469,2.25,5,3,3,Average Purchaser,job_e06ac3b9:13:25134
28,4605,2023-08-09,144,64.0,267,2.25,3,5,4,Need Attention,job_e06ac3b9:28:4605
54,11913,2023-11-25,36,16.0,324,2.25,4,5,5,Champion / Loyal,job_e06ac3b9:54:11913
29,35507,2023-11-07,54,24.0,220,2.25,3,4,4,Need Attention,job_e06ac3b9:29:35507
40,25072,2023-11-16,45,20.0,379,2.25,2,3,3,Average Purchaser,job_e06ac3b9:40:25072
40,6975,2023-11-16,45,20.0,241,2.25,2,3,3,Average Purchaser,job_e06ac3b9:40:6975
4,25146,2023-11-14,47,21.0,144,2.24,4,2,1,New / Promising,job_e06ac3b9:4:25146
53,15804,2023-11-14,47,21.0,224,2.24,4,1,2,New / Promising,job_e06ac3b9:53:15804
53,37609,2023-11-14,47,21.0,327,2.24,4,1,2,New / Promising,job_e06ac3b9:53:37609
27,6287,2023-11-12,49,22.0,215,2.23,3,5,5,Need Attention,job_e06ac3b9:27:6287
19,30696,2023-11-03,58,26.0,292,2.23,5,3,4,Average Purchaser,job_e06ac3b9:19:30696
64,5699,2023-11-22,39,17.5,94,2.23,5,3,4,Average Purchaser,job_e06ac3b9:64:5699
60,18234,2023-11-12,49,22.0,440,2.23,4,3,3,Average Purchaser,job_e06ac3b9:60:18234
39,47734,2023-11-12,49,22.0,315,2.23,5,2,4,New / Promising,job_e06ac3b9:39:47734
33,27903,2023-10-20,72,32.5,478,2.22,1,1,2,Low-Value / Lost,job_e06ac3b9:33:27903
31,33168,2023-09-20,102,46.0,384,2.22,4,4,5,Champion / Loyal,job_e06ac3b9:31:33168
58,32700,2023-12-01,30,13.5,276,2.22,4,4,3,Average Purchaser,job_e06ac3b9:58:32700
33,14283,2023-10-20,72,32.5,376,2.22,1,1,2,Low-Value / Lost,job_e06ac3b9:33:14283
19,28221,2023-11-29,32,14.5,302,2.21,5,3,4,Average Purchaser,job_e06ac3b9:19:28221
28,5973,2023-11-08,53,24.0,462,2.21,3,5,4,Need Attention,job_e06ac3b9:28:5973
19,39107,2023-11-29,32,14.5,140,2.21,5,3,4,Average Purchaser,job_e06ac3b9:19:39107
40,34217,2023-11-16,45,20.5,373,2.2,2,3,3,Average Purchaser,job_e06ac3b9:40:34217
27,35951,2023-11-17,44,20.0,282,2.2,3,5,5,Need Attention,job_e06ac3b9:27:35951
54,42768,2023-08-30,123,56.0,134,2.2,4,5,5,Champion / Loyal,job_e06ac3b9:54:42768
31,35413,2023-11-15,46,21.0,431,2.19,4,4,5,Champion / Loyal,job_e06ac3b9:31:35413
31,16600,2023-11-15,46,21.0,399,2.19,4,4,5,Champion / Loyal,job_e06ac3b9:31:16600
31,23572,2023-11-15,46,21.0,354,2.19,4,4,5,Champion / Loyal,job_e06ac3b9:31:23572
37,7863,2023-10-24,68,31.0,203,2.19,4,4,4,Champion / Loyal,job_e06ac3b9:37:7863
55,17616,2023-11-02,59,27.0,383,2.19,3,2,3,Need Attention,job_e06ac3b9:55:17616
28,8529,2023-11-02,59,27.0,178,2.19,3,5,4,Need Attention,job_e06ac3b9:28:8529
31,17333,2023-11-15,46,21.0,96,2.19,4,4,5,Champion / Loyal,job_e06ac3b9:31:17333
31,2422,2023-11-15,46,21.0,456,2.19,4,4,5,Champion / Loyal,job_e06ac3b9:31:2422
31,6387,2023-11-15,46,21.0,223,2.19,4,4,5,Champion / Loyal,job_e06ac3b9:31:6387
19,41302,2023-11-03,58,26.5,247,2.19,5,3,4,Average Purchaser,job_e06ac3b9:19:41302
31,48599,2023-11-15,46,21.0,334,2.19,4,4,5,Champion / Loyal,job_e06ac3b9:31:48599
31,27828,2023-11-15,46,21.0,498,2.19,4,4,5,Champion / Loyal,job_e06ac3b9:31:27828
61,19003,2023-11-13,48,22.0,341,2.18,5,1,3,New / Promising,job_e06ac3b9:61:19003
46,14814,2023-09-11,111,51.0,112,2.18,1,4,4,High-Value At-Risk,job_e06ac3b9:46:14814
58,622,2023-12-07,24,11.0,473,2.18,4,4,3,Average Purchaser,job_e06ac3b9:58:622
12,16185,2023-10-31,61,28.0,356,2.18,3,2,3,Need Attention,job_e06ac3b9:12:16185
63,33636,2023-11-09,52,24.0,362,2.17,3,5,5,Need Attention,job_e06ac3b9:63:33636
38,7948,2023-10-01,91,42.0,187,2.17,4,3,4,Average Purchaser,job_e06ac3b9:38:7948
11,15261,2023-11-08,53,24.5,64,2.16,4,2,3,New / Promising,job_e06ac3b9:11:15261
5,26604,2023-11-08,53,24.5,388,2.16,2,1,2,Low-Value / Lost,job_e06ac3b9:5:26604
38,21376,2023-09-04,118,55.0,247,2.15,4,3,4,Average Purchaser,job_e06ac3b9:38:21376
9,30252,2023-11-05,56,26.0,146,2.15,3,1,3,Need Attention,job_e06ac3b9:9:30252
58,40411,2023-12-01,30,14.0,310,2.14,4,4,3,Average Purchaser,job_e06ac3b9:58:40411
34,34310,2023-10-30,62,29.0,261,2.14,5,2,1,New / Promising,job_e06ac3b9:34:34310
29,34749,2023-10-15,77,36.0,198,2.14,3,4,4,Need Attention,job_e06ac3b9:29:34749
53,48364,2023-11-14,47,22.0,227,2.14,4,1,2,New / Promising,job_e06ac3b9:53:48364
19,29284,2023-11-29,32,15.0,125,2.13,5,3,4,Average Purchaser,job_e06ac3b9:19:29284
19,196,2023-11-29,32,15.0,264,2.13,5,3,4,Average Purchaser,job_e06ac3b9:19:196
53,36180,2023-10-28,64,30.0,442,2.13,4,1,2,New / Promising,job_e06ac3b9:53:36180
32,35221,2023-10-11,81,38.0,495,2.13,4,2,4,New / Promising,job_e06ac3b9:32:35221
26,36554,2023-11-29,32,15.0,376,2.13,5,3,2,Average Purchaser,job_e06ac3b9:26:36554
22,35221,2023-10-11,81,38.0,495,2.13,1,4,3,High-Value At-Risk,job_e06ac3b9:22:35221
27,35958,2023-11-29,32,15.0,74,2.13,3,5,5,Need Attention,job_e06ac3b9:27:35958
23,7883,2023-09-05,117,55.0,129,2.13,1,1,2,Low-Value / Lost,job_e06ac3b9:23:7883
50,39877,2023-12-15,16,7.5,486,2.13,5,5,5,Champion / Loyal,job_e06ac3b9:50:39877
27,37067,2023-11-29,32,15.0,282,2.13,3,5,5,Need Attention,job_e06ac3b9:27:37067
19,17008,2023-12-14,17,8.0,350,2.12,5,3,4,Average Purchaser,job_e06ac3b9:19:17008
19,9387,2023-12-14,17,8.0,463,2.12,5,3,4,Average Purchaser,job_e06ac3b9:19:9387
43,4605,2023-08-17,136,64.0,267,2.12,1,3,4,High-Value At-Risk,job_e06ac3b9:43:4605
28,42557,2023-11-08,53,25.0,445,2.12,3,5,4,Need Attention,job_e06ac3b9:28:42557
64,9786,2023-11-06,55,26.0,159,2.12,5,3,4,Average Purchaser,job_e06ac3b9:64:9786
54,24852,2023-11-24,37,17.5,437,2.11,4,5,5,Champion / Loyal,job_e06ac3b9:54:24852
24,7249,2023-11-04,57,27.0,386,2.11,2,4,2,High-Value At-Risk,job_e06ac3b9:24:7249
19,5315,2023-09-29,93,44.0,252,2.11,5,3,4,Average Purchaser,job_e06ac3b9:19:5315
62,30020,2023-11-04,57,27.0,239,2.11,3,3,3,Need Attention,job_e06ac3b9:62:30020
57,45646,2023-11-02,59,28.0,181,2.11,1,4,3,High-Value At-Risk,job_e06ac3b9:57:45646
14,46979,2023-10-29,63,30.0,450,2.1,2,4,4,High-Value At-Risk,job_e06ac3b9:14:46979
12,39667,2023-10-31,61,29.0,329,2.1,3,2,3,Need Attention,job_e06ac3b9:12:39667
31,43252,2023-11-19,42,20.0,226,2.1,4,4,5,Champion / Loyal,job_e06ac3b9:31:43252
31,10197,2023-11-19,42,20.0,497,2.1,4,4,5,Champion / Loyal,job_e06ac3b9:31:10197
48,22395,2023-10-27,65,31.0,422,2.1,1,3,3,Average Purchaser,job_e06ac3b9:48:22395
58,46522,2023-09-30,92,44.0,307,2.09,4,4,3,Average Purchaser,job_e06ac3b9:58:46522
55,40041,2023-09-07,115,55.0,405,2.09,3,2,3,Need Attention,job_e06ac3b9:55:40041
37,34819,2023-09-07,115,55.0,90,2.09,4,4,4,Champion / Loyal,job_e06ac3b9:37:34819
55,1866,2023-09-07,115,55.0,427,2.09,3,2,3,Need Attention,job_e06ac3b9:55:1866
40,25246,2023-11-16,45,21.5,274,2.09,2,3,3,Average Purchaser,job_e06ac3b9:40:25246
8,28985,2023-11-08,53,25.5,309,2.08,4,1,2,New / Promising,job_e06ac3b9:8:28985
21,25740,2023-11-05,56,27.0,399,2.07,3,5,4,Need Attention,job_e06ac3b9:21:25740
22,15392,2023-10-01,91,44.0,66,2.07,1,4,3,High-Value At-Risk,job_e06ac3b9:22:15392
53,39794,2023-11-30,31,15.0,248,2.07,4,1,2,New / Promising,job_e06ac3b9:53:39794
21,6576,2023-11-05,56,27.0,349,2.07,3,5,4,Need Attention,job_e06ac3b9:21:6576
19,27742,2023-11-03,58,28.0,162,2.07,5,3,4,Average Purchaser,job_e06ac3b9:19:27742
19,29577,2023-11-03,58,28.0,460,2.07,5,3,4,Average Purchaser,job_e06ac3b9:19:29577
53,4541,2023-11-30,31,15.0,211,2.07,4,1,2,New / Promising,job_e06ac3b9:53:4541
50,47739,2023-09-08,114,55.0,80,2.07,5,5,5,Champion / Loyal,job_e06ac3b9:50:47739
61,4818,2023-10-30,62,30.0,221,2.07,5,1,3,New / Promising,job_e06ac3b9:61:4818
53,25544,2023-10-28,64,31.0,87,2.06,4,1,2,New / Promising,job_e06ac3b9:53:25544
32,4605,2023-08-22,131,64.0,267,2.05,4,2,4,New / Promising,job_e06ac3b9:32:4605
28,36070,2023-11-21,40,19.5,211,2.05,3,5,4,Need Attention,job_e06ac3b9:28:36070
37,20549,2023-10-02,90,44.0,449,2.05,4,4,4,Champion / Loyal,job_e06ac3b9:37:20549
28,24830,2023-11-21,40,19.5,379,2.05,3,5,4,Need Attention,job_e06ac3b9:28:24830
13,1689,2023-11-08,53,26.0,214,2.04,5,3,3,Average Purchaser,job_e06ac3b9:13:1689
31,16682,2023-11-15,46,22.5,296,2.04,4,4,5,Champion / Loyal,job_e06ac3b9:31:16682
7,13198,2023-11-04,57,28.0,478,2.04,1,4,4,High-Value At-Risk,job_e06ac3b9:7:13198
11,14947,2023-11-08,53,26.0,340,2.04,4,2,3,New / Promising,job_e06ac3b9:11:14947
19,22520,2023-10-26,66,32.5,301,2.03,5,3,4,Average Purchaser,job_e06ac3b9:19:22520
23,42959,2023-09-05,117,57.5,231,2.03,1,1,2,Low-Value / Lost,job_e06ac3b9:23:42959
19,6385,2023-10-26,66,32.5,465,2.03,5,3,4,Average Purchaser,job_e06ac3b9:19:6385
62,39121,2023-10-31,61,30.0,456,2.03,3,3,3,Need Attention,job_e06ac3b9:62:39121
19,33136,2023-10-26,66,32.5,200,2.03,5,3,4,Average Purchaser,job_e06ac3b9:19:33136
41,4605,2023-08-23,130,64.0,267,2.03,1,2,3,Average Purchaser,job_e06ac3b9:41:4605
7,29602,2023-09-09,113,56.0,246,2.02,1,4,4,High-Value At-Risk,job_e06ac3b9:7:29602
9,481,2023-11-05,56,28.0,474,2.0,3,1,3,Need Attention,job_e06ac3b9:9:481
9,10132,2023-11-05,56,28.0,218,2.0,3,1,3,Need Attention,job_e06ac3b9:9:10132
31,42352,2023-11-19,42,21.0,431,2.0,4,4,5,Champion / Loyal,job_e06ac3b9:31:42352
31,41290,2023-11-19,42,21.0,481,2.0,4,4,5,Champion / Loyal,job_e06ac3b9:31:41290
31,34827,2023-11-19,42,21.0,196,2.0,4,4,5,Champion / Loyal,job_e06ac3b9:31:34827
37,5134,2023-11-23,38,19.0,74,2.0,4,4,4,Champion / Loyal,job_e06ac3b9:37:5134
27,36929,2023-11-29,32,16.0,205,2.0,3,5,5,Need Attention,job_e06ac3b9:27:36929
9,23765,2023-11-05,56,28.0,345,2.0,3,1,3,Need Attention,job_e06ac3b9:9:23765
19,18987,2023-11-29,32,16.0,249,2.0,5,3,4,Average Purchaser,job_e06ac3b9:19:18987
13,42125,2023-11-01,60,30.0,463,2.0,5,3,3,Average Purchaser,job_e06ac3b9:13:42125
31,36315,2023-11-19,42,21.0,336,2.0,4,4,5,Champion / Loyal,job_e06ac3b9:31:36315
50,44533,2023-11-09,52,26.0,210,2.0,5,5,5,Champion / Loyal,job_e06ac3b9:50:44533
21,18523,2023-11-05,56,28.0,485,2.0,3,5,4,Need Attention,job_e06ac3b9:21:18523
25,10096,2023-11-21,40,20.0,194,2.0,5,1,1,New / Promising,job_e06ac3b9:25:10096
21,27548,2023-11-05,56,28.0,417,2.0,3,5,4,Need Attention,job_e06ac3b9:21:27548
21,32645,2023-11-05,56,28.0,137,2.0,3,5,4,Need Attention,job_e06ac3b9:21:32645
31,31437,2023-11-19,42,21.0,311,2.0,4,4,5,Champion / Loyal,job_e06ac3b9:31:31437
10,260,2023-12-01,30,15.0,446,2.0,5,2,4,New / Promising,job_e06ac3b9:10:260
9,31066,2023-09-30,92,46.0,392,2.0,3,1,3,Need Attention,job_e06ac3b9:9:31066
61,28031,2023-09-30,92,46.0,175,2.0,5,1,3,New / Promising,job_e06ac3b9:61:28031
58,39321,2023-12-01,30,15.0,448,2.0,4,4,3,Average Purchaser,job_e06ac3b9:58:39321
52,30591,2023-11-05,56,28.0,196,2.0,3,5,4,Need Attention,job_e06ac3b9:52:30591
32,20168,2023-11-11,50,25.0,108,2.0,4,2,4,New / Promising,job_e06ac3b9:32:20168
31,30162,2023-11-19,42,21.0,439,2.0,4,4,5,Champion / Loyal,job_e06ac3b9:31:30162
31,928,2023-11-19,42,21.0,481,2.0,4,4,5,Champion / Loyal,job_e06ac3b9:31:928
29,33945,2023-11-21,40,20.0,80,2.0,3,4,4,Need Attention,job_e06ac3b9:29:33945
31,13396,2023-11-19,42,21.0,177,2.0,4,4,5,Champion / Loyal,job_e06ac3b9:31:13396
31,9340,2023-11-19,42,21.0,477,2.0,4,4,5,Champion / Loyal,job_e06ac3b9:31:9340
2,24852,2023-11-26,35,17.5,437,2.0,5,4,4,Champion / Loyal,job_e06ac3b9:2:24852
7,9598,2023-11-04,57,28.5,491,2.0,1,4,4,High-Value At-Risk,job_e06ac3b9:7:9598
8,651,2023-10-09,83,42.0,450,1.98,4,1,2,New / Promising,job_e06ac3b9:8:651
4,21573,2023-11-14,47,24.0,260,1.96,4,2,1,New / Promising,job_e06ac3b9:4:21573
14,15172,2023-11-09,52,26.5,133,1.96,2,4,4,High-Value At-Risk,job_e06ac3b9:14:15172
14,11131,2023-11-09,52,26.5,370,1.96,2,4,4,High-Value At-Risk,job_e06ac3b9:14:11131
4,25623,2023-11-14,47,24.0,468,1.96,4,2,1,New / Promising,job_e06ac3b9:4:25623
44,35353,2023-08-16,137,70.0,498,1.96,2,1,2,Low-Value / Lost,job_e06ac3b9:44:35353
47,31960,2023-11-10,51,26.0,139,1.96,5,2,1,New / Promising,job_e06ac3b9:47:31960
47,14875,2023-11-10,51,26.0,125,1.96,5,2,1,New / Promising,job_e06ac3b9:47:14875
43,8204,2023-09-11,111,56.5,459,1.96,1,3,4,High-Value At-Risk,job_e06ac3b9:43:8204
58,11408,2023-11-01,60,31.0,434,1.94,4,4,3,Average Purchaser,job_e06ac3b9:58:11408
64,18840,2023-10-22,70,36.0,491,1.94,5,3,4,Average Purchaser,job_e06ac3b9:64:18840
47,24838,2023-11-28,33,17.0,316,1.94,5,2,1,New / Promising,job_e06ac3b9:47:24838
47,20995,2023-11-28,33,17.0,123,1.94,5,2,1,New / Promising,job_e06ac3b9:47:20995
22,7948,2023-10-11,81,42.0,187,1.93,1,4,3,High-Value At-Risk,job_e06ac3b9:22:7948
14,23803,2023-11-09,52,27.0,459,1.93,2,4,4,High-Value At-Risk,job_e06ac3b9:14:23803
31,4924,2023-11-07,54,28.0,463,1.93,4,4,5,Champion / Loyal,job_e06ac3b9:31:4924
16,651,2023-10-11,81,42.0,450,1.93,2,2,3,Average Purchaser,job_e06ac3b9:16:651
29,1330,2023-11-07,54,28.0,77,1.93,3,4,4,Need Attention,job_e06ac3b9:29:1330
16,7948,2023-10-11,81,42.0,187,1.93,2,2,3,Average Purchaser,job_e06ac3b9:16:7948
29,21410,2023-11-07,54,28.0,474,1.93,3,4,4,Need Attention,job_e06ac3b9:29:21410
54,8518,2023-07-19,165,86.0,176,1.92,4,5,5,Champion / Loyal,job_e06ac3b9:54:8518
3,18599,2023-11-20,41,21.5,319,1.91,3,3,3,Need Attention,job_e06ac3b9:3:18599
10,42736,2023-10-25,67,35.0,61,1.91,5,2,4,New / Promising,job_e06ac3b9:10:42736
7,45066,2023-10-25,67,35.0,399,1.91,1,4,4,High-Value At-Risk,job_e06ac3b9:7:45066
39,23219,2023-12-12,19,10.0,254,1.9,5,2,4,New / Promising,job_e06ac3b9:39:23219
39,7371,2023-12-12,19,10.0,463,1.9,5,2,4,New / Promising,job_e06ac3b9:39:7371
54,2447,2023-11-24,37,19.5,322,1.9,4,5,5,Champion / Loyal,job_e06ac3b9:54:2447
39,30450,2023-10-14,78,41.0,457,1.9,5,2,4,New / Promising,job_e06ac3b9:39:30450
5,27344,2023-11-08,53,28.0,170,1.89,2,1,2,Low-Value / Lost,job_e06ac3b9:5:27344
5,5999,2023-11-08,53,28.0,476,1.89,2,1,2,Low-Value / Lost,job_e06ac3b9:5:5999
26,49588,2023-11-08,53,28.0,132,1.89,5,3,2,Average Purchaser,job_e06ac3b9:26:49588
48,42768,2023-09-16,106,56.0,134,1.89,1,3,3,Average Purchaser,job_e06ac3b9:48:42768
11,44632,2023-11-08,53,28.0,175,1.89,4,2,3,New / Promising,job_e06ac3b9:11:44632
47,24852,2023-11-28,33,17.5,437,1.89,5,2,1,New / Promising,job_e06ac3b9:47:24852
27,44632,2023-11-08,53,28.0,175,1.89,3,5,5,Need Attention,job_e06ac3b9:27:44632
64,44848,2023-09-18,104,55.0,436,1.89,5,3,4,Average Purchaser,job_e06ac3b9:64:44848
27,5496,2023-11-29,32,17.0,336,1.88,3,5,5,Need Attention,job_e06ac3b9:27:5496
48,33000,2023-10-13,79,42.0,411,1.88,1,3,3,Average Purchaser,job_e06ac3b9:48:33000
18,31717,2023-11-15,46,24.5,377,1.88,5,2,2,New / Promising,job_e06ac3b9:18:31717
58,5727,2023-12-01,30,16.0,491,1.88,4,4,3,Average Purchaser,job_e06ac3b9:58:5727
61,48044,2023-10-30,62,33.0,246,1.88,5,1,3,New / Promising,job_e06ac3b9:61:48044
19,40674,2023-11-29,32,17.0,285,1.88,5,3,4,Average Purchaser,job_e06ac3b9:19:40674
19,35887,2023-11-29,32,17.0,470,1.88,5,3,4,Average Purchaser,job_e06ac3b9:19:35887
31,24303,2023-11-19,42,22.5,134,1.87,4,4,5,Champion / Loyal,job_e06ac3b9:31:24303
59,7009,2023-09-19,103,55.0,188,1.87,1,3,3,Average Purchaser,job_e06ac3b9:59:7009
31,13385,2023-11-19,42,22.5,81,1.87,4,4,5,Champion / Loyal,job_e06ac3b9:31:13385
31,33944,2023-11-19,42,22.5,192,1.87,4,4,5,Champion / Loyal,job_e06ac3b9:31:33944
52,39408,2023-12-03,28,15.0,74,1.87,3,5,4,Need Attention,job_e06ac3b9:52:39408
56,16048,2023-11-05,56,30.0,287,1.87,2,3,4,High-Value At-Risk,job_e06ac3b9:56:16048
56,46979,2023-11-05,56,30.0,450,1.87,2,3,4,High-Value At-Risk,job_e06ac3b9:56:46979
38,4799,2023-11-09,52,28.0,82,1.86,4,3,4,Average Purchaser,job_e06ac3b9:38:4799
64,31883,2023-11-22,39,21.0,167,1.86,5,3,4,Average Purchaser,job_e06ac3b9:64:31883
50,49383,2023-11-20,41,22.0,205,1.86,5,5,5,Champion / Loyal,job_e06ac3b9:50:49383
64,44008,2023-11-22,39,21.0,371,1.86,5,3,4,Average Purchaser,job_e06ac3b9:64:44008
38,16185,2023-11-09,52,28.0,356,1.86,4,3,4,Average Purchaser,job_e06ac3b9:38:16185
26,5869,2023-11-22,39,21.0,247,1.86,5,3,2,Average Purchaser,job_e06ac3b9:26:5869
26,32229,2023-11-22,39,21.0,438,1.86,5,3,2,Average Purchaser,job_e06ac3b9:26:32229
38,29987,2023-11-09,52,28.0,483,1.86,4,3,4,Average Purchaser,job_e06ac3b9:38:29987
63,33100,2023-11-22,39,21.0,447,1.86,3,5,5,Need Attention,job_e06ac3b9:63:33100
51,45302,2023-11-09,52,28.0,76,1.86,5,1,1,New / Promising,job_e06ac3b9:51:45302
29,33973,2023-08-02,151,81.0,378,1.86,3,4,4,Need Attention,job_e06ac3b9:29:33973
48,45066,2023-10-27,65,35.0,399,1.86,1,3,3,Average Purchaser,job_e06ac3b9:48:45066
17,9641,2023-09-15,107,57.5,240,1.86,1,5,5,High-Value At-Risk,job_e06ac3b9:17:9641
51,46650,2023-11-09,52,28.0,158,1.86,5,1,1,New / Promising,job_e06ac3b9:51:46650
51,33135,2023-11-22,39,21.0,207,1.86,5,1,1,New / Promising,job_e06ac3b9:51:33135
14,39399,2023-11-09,52,28.0,356,1.86,2,4,4,High-Value At-Risk,job_e06ac3b9:14:39399
17,26767,2023-10-12,80,43.0,114,1.86,1,5,5,High-Value At-Risk,job_e06ac3b9:17:26767
54,34530,2023-11-24,37,20.0,94,1.85,4,5,5,Champion / Loyal,job_e06ac3b9:54:34530
2,45948,2023-11-13,48,26.0,330,1.85,5,4,4,Champion / Loyal,job_e06ac3b9:2:45948
32,48110,2023-11-11,50,27.0,442,1.85,4,2,4,New / Promising,job_e06ac3b9:32:48110
32,11130,2023-11-11,50,27.0,90,1.85,4,2,4,New / Promising,job_e06ac3b9:32:11130
41,5383,2023-10-11,81,44.0,208,1.84,1,2,3,Average Purchaser,job_e06ac3b9:41:5383
40,22035,2023-11-16,45,24.5,130,1.84,2,3,3,Average Purchaser,job_e06ac3b9:40:22035
29,12720,2023-10-15,77,42.0,343,1.83,3,4,4,Need Attention,job_e06ac3b9:29:12720
51,19678,2023-12-09,22,12.0,68,1.83,5,1,1,New / Promising,job_e06ac3b9:51:19678
55,39142,2023-08-25,128,70.0,406,1.83,3,2,3,Need Attention,job_e06ac3b9:55:39142
50,19678,2023-12-09,22,12.0,68,1.83,5,5,5,Champion / Loyal,job_e06ac3b9:50:19678
28,32049,2023-09-22,100,55.0,420,1.82,3,5,4,Need Attention,job_e06ac3b9:28:32049
14,29509,2023-11-09,52,28.5,110,1.82,2,4,4,High-Value At-Risk,job_e06ac3b9:14:29509
6,27521,2023-11-21,40,22.0,445,1.82,5,1,1,New / Promising,job_e06ac3b9:6:27521
28,35510,2023-11-21,40,22.0,200,1.82,3,5,4,Need Attention,job_e06ac3b9:28:35510
59,3545,2023-09-19,103,56.5,316,1.82,1,3,3,Average Purchaser,job_e06ac3b9:59:3545
25,22988,2023-09-22,100,55.0,259,1.82,5,1,1,New / Promising,job_e06ac3b9:25:22988
34,12204,2023-11-30,31,17.0,158,1.82,5,2,1,New / Promising,job_e06ac3b9:34:12204
54,34497,2023-11-10,51,28.0,168,1.82,4,5,5,Champion / Loyal,job_e06ac3b9:54:34497
47,22750,2023-11-10,51,28.0,88,1.82,5,2,1,New / Promising,job_e06ac3b9:47:22750
28,15937,2023-11-21,40,22.0,211,1.82,3,5,4,Need Attention,job_e06ac3b9:28:15937
28,8424,2023-11-21,40,22.0,370,1.82,3,5,4,Need Attention,job_e06ac3b9:28:8424
48,31506,2023-09-30,92,50.5,415,1.82,1,3,3,Average Purchaser,job_e06ac3b9:48:31506
22,22963,2023-11-10,51,28.0,167,1.82,1,4,3,High-Value At-Risk,job_e06ac3b9:22:22963
37,45007,2023-11-23,38,21.0,150,1.81,4,4,4,Champion / Loyal,job_e06ac3b9:37:45007
39,3583,2023-12-12,19,10.5,432,1.81,5,2,4,New / Promising,job_e06ac3b9:39:3583
29,30695,2023-10-27,65,36.0,360,1.81,3,4,4,Need Attention,job_e06ac3b9:29:30695
19,19341,2023-11-23,38,21.0,276,1.81,5,3,4,Average Purchaser,job_e06ac3b9:19:19341
36,47977,2023-10-07,85,47.0,370,1.81,2,5,4,High-Value At-Risk,job_e06ac3b9:36:47977
48,43165,2023-10-27,65,36.0,364,1.81,1,3,3,Average Purchaser,job_e06ac3b9:48:43165
19,3110,2023-11-23,38,21.0,424,1.81,5,3,4,Average Purchaser,job_e06ac3b9:19:3110
19,43732,2023-11-23,38,21.0,447,1.81,5,3,4,Average Purchaser,job_e06ac3b9:19:43732
19,25037,2023-11-23,38,21.0,453,1.81,5,3,4,Average Purchaser,job_e06ac3b9:19:25037
19,5183,2023-11-23,38,21.0,455,1.81,5,3,4,Average Purchaser,job_e06ac3b9:19:5183
42,30353,2023-12-13,18,10.0,432,1.8,5,4,4,Champion / Loyal,job_e06ac3b9:42:30353
10,18441,2023-10-13,79,44.0,490,1.8,5,2,4,New / Promising,job_e06ac3b9:10:18441
10,15392,2023-10-13,79,44.0,66,1.8,5,2,4,New / Promising,job_e06ac3b9:10:15392
4,7160,2023-10-09,83,46.0,354,1.8,4,2,1,New / Promising,job_e06ac3b9:4:7160
48,43999,2023-10-13,79,44.0,250,1.8,1,3,3,Average Purchaser,job_e06ac3b9:48:43999
58,14058,2023-09-23,99,55.0,485,1.8,4,4,3,Average Purchaser,job_e06ac3b9:58:14058
10,7632,2023-10-13,79,44.0,362,1.8,5,2,4,New / Promising,job_e06ac3b9:10:7632
6,38293,2023-11-27,34,19.0,491,1.79,5,1,1,New / Promising,job_e06ac3b9:6:38293
32,49175,2023-11-11,50,28.0,419,1.79,4,2,4,New / Promising,job_e06ac3b9:32:49175
37,13431,2023-11-29,32,18.0,379,1.78,4,4,4,Champion / Loyal,job_e06ac3b9:37:13431
37,36994,2023-11-29,32,18.0,451,1.78,4,4,4,Champion / Loyal,job_e06ac3b9:37:36994
17,9006,2023-10-12,80,45.0,104,1.78,1,5,5,High-Value At-Risk,job_e06ac3b9:17:9006
19,43409,2023-11-29,32,18.0,364,1.78,5,3,4,Average Purchaser,job_e06ac3b9:19:43409
23,8524,2023-10-10,82,46.0,335,1.78,1,1,2,Low-Value / Lost,job_e06ac3b9:23:8524
27,23076,2023-09-28,94,53.0,379,1.77,3,5,5,Need Attention,job_e06ac3b9:27:23076
8,32030,2023-11-08,53,30.0,203,1.77,4,1,2,New / Promising,job_e06ac3b9:8:32030
4,2707,2023-09-20,102,57.5,393,1.77,4,2,1,New / Promising,job_e06ac3b9:4:2707
45,27959,2023-11-22,39,22.0,311,1.77,3,1,1,Average Purchaser,job_e06ac3b9:45:27959
54,9366,2023-10-14,78,44.0,253,1.77,4,5,5,Champion / Loyal,job_e06ac3b9:54:9366
11,24799,2023-12-08,23,13.0,446,1.77,4,2,3,New / Promising,job_e06ac3b9:11:24799
11,13176,2023-12-08,23,13.0,303,1.77,4,2,3,New / Promising,job_e06ac3b9:11:13176
18,21137,2023-12-08,23,13.0,113,1.77,5,2,2,New / Promising,job_e06ac3b9:18:21137
32,578,2023-10-11,81,46.0,487,1.76,4,2,4,New / Promising,job_e06ac3b9:32:578
30,38300,2023-10-11,81,46.0,292,1.76,1,3,1,Average Purchaser,job_e06ac3b9:30:38300
28,19395,2023-10-03,89,50.5,133,1.76,3,5,4,Need Attention,job_e06ac3b9:28:19395
54,27243,2023-11-24,37,21.0,69,1.76,4,5,5,Champion / Loyal,job_e06ac3b9:54:27243
27,8736,2023-11-12,49,28.0,86,1.75,3,5,5,Need Attention,job_e06ac3b9:27:8736
2,16589,2023-11-26,35,20.0,86,1.75,5,4,4,Champion / Loyal,job_e06ac3b9:2:16589
2,7963,2023-11-26,35,20.0,272,1.75,5,4,4,Champion / Loyal,job_e06ac3b9:2:7963
39,19019,2023-11-12,49,28.0,363,1.75,5,2,4,New / Promising,job_e06ac3b9:39:19019
12,28134,2023-10-31,61,35.0,418,1.74,3,2,3,Need Attention,job_e06ac3b9:12:28134
29,19205,2023-11-21,40,23.0,303,1.74,3,4,4,Need Attention,job_e06ac3b9:29:19205
57,21653,2023-10-12,80,46.0,371,1.74,1,4,3,High-Value At-Risk,job_e06ac3b9:57:21653
12,10863,2023-10-31,61,35.0,301,1.74,3,2,3,Need Attention,job_e06ac3b9:12:10863
12,7076,2023-10-31,61,35.0,125,1.74,3,2,3,Need Attention,job_e06ac3b9:12:7076
34,49248,2023-11-09,52,30.0,471,1.73,5,2,1,New / Promising,job_e06ac3b9:34:49248
37,41065,2023-11-23,38,22.0,111,1.73,4,4,4,Champion / Loyal,job_e06ac3b9:37:41065
14,8744,2023-11-09,52,30.0,111,1.73,2,4,4,High-Value At-Risk,job_e06ac3b9:14:8744
31,18077,2023-09-27,95,55.0,207,1.73,4,4,5,Champion / Loyal,job_e06ac3b9:31:18077
28,31343,2023-10-25,67,39.0,312,1.72,3,5,4,Need Attention,job_e06ac3b9:28:31343
13,4210,2023-12-19,12,7.0,443,1.71,5,3,3,Average Purchaser,job_e06ac3b9:13:4210
5,3376,2023-11-08,53,31.0,381,1.71,2,1,2,Low-Value / Lost,job_e06ac3b9:5:3376
61,41958,2023-11-13,48,28.0,472,1.71,5,1,3,New / Promising,job_e06ac3b9:61:41958
54,43920,2023-11-25,36,21.0,234,1.71,4,5,5,Champion / Loyal,job_e06ac3b9:54:43920
13,27435,2023-12-19,12,7.0,258,1.71,5,3,3,Average Purchaser,job_e06ac3b9:13:27435
2,42342,2023-11-13,48,28.0,269,1.71,5,4,4,Champion / Loyal,job_e06ac3b9:2:42342
61,48705,2023-11-13,48,28.0,248,1.71,5,1,3,New / Promising,job_e06ac3b9:61:48705
54,35855,2023-11-25,36,21.0,224,1.71,4,5,5,Champion / Loyal,job_e06ac3b9:54:35855
11,30480,2023-11-08,53,31.0,432,1.71,4,2,3,New / Promising,job_e06ac3b9:11:30480
11,42736,2023-11-01,60,35.0,61,1.71,4,2,3,New / Promising,job_e06ac3b9:11:42736
54,44912,2023-11-25,36,21.0,154,1.71,4,5,5,Champion / Loyal,job_e06ac3b9:54:44912
54,23452,2023-11-25,36,21.0,283,1.71,4,5,5,Champion / Loyal,job_e06ac3b9:54:23452
64,28535,2023-11-22,39,23.0,223,1.7,5,3,4,Average Purchaser,job_e06ac3b9:64:28535
8,18531,2023-12-08,23,13.5,368,1.7,4,1,2,New / Promising,job_e06ac3b9:8:18531
19,26525,2023-09-29,93,55.0,132,1.69,5,3,4,Average Purchaser,job_e06ac3b9:19:26525
19,39978,2023-09-29,93,55.0,356,1.69,5,3,4,Average Purchaser,job_e06ac3b9:19:39978
47,32955,2023-11-28,33,19.5,340,1.69,5,2,1,New / Promising,job_e06ac3b9:47:32955
49,35956,2023-11-02,59,35.0,261,1.69,1,3,2,Average Purchaser,job_e06ac3b9:49:35956
19,22633,2023-09-29,93,55.0,55,1.69,5,3,4,Average Purchaser,job_e06ac3b9:19:22633
19,18799,2023-09-29,93,55.0,275,1.69,5,3,4,Average Purchaser,job_e06ac3b9:19:18799
19,12318,2023-09-29,93,55.0,483,1.69,5,3,4,Average Purchaser,job_e06ac3b9:19:12318
51,13176,2023-12-09,22,13.0,303,1.69,5,1,1,New / Promising,job_e06ac3b9:51:13176
19,31591,2023-09-29,93,55.0,287,1.69,5,3,4,Average Purchaser,job_e06ac3b9:19:31591
14,18439,2023-10-04,88,52.0,357,1.69,2,4,4,High-Value At-Risk,job_e06ac3b9:14:18439
19,39987,2023-09-29,93,55.0,418,1.69,5,3,4,Average Purchaser,job_e06ac3b9:19:39987
19,3364,2023-09-29,93,55.0,466,1.69,5,3,4,Average Purchaser,job_e06ac3b9:19:3364
29,45458,2023-09-29,93,55.0,297,1.69,3,4,4,Need Attention,job_e06ac3b9:29:45458
50,5240,2023-10-18,74,44.0,387,1.68,5,5,5,Champion / Loyal,job_e06ac3b9:50:5240
54,13198,2023-11-14,47,28.0,478,1.68,4,5,5,Champion / Loyal,job_e06ac3b9:54:13198
2,79,2023-11-13,48,28.5,121,1.68,5,4,4,Champion / Loyal,job_e06ac3b9:2:79
50,22825,2023-12-15,16,9.5,174,1.68,5,5,5,Champion / Loyal,job_e06ac3b9:50:22825
51,24507,2023-11-09,52,31.0,389,1.68,5,1,1,New / Promising,job_e06ac3b9:51:24507
18,3219,2023-11-14,47,28.0,181,1.68,5,2,2,New / Promising,job_e06ac3b9:18:3219
31,42356,2023-11-19,42,25.0,52,1.68,4,4,5,Champion / Loyal,job_e06ac3b9:31:42356
54,21405,2023-11-24,37,22.0,279,1.68,4,5,5,Champion / Loyal,job_e06ac3b9:54:21405
54,15937,2023-11-24,37,22.0,211,1.68,4,5,5,Champion / Loyal,job_e06ac3b9:54:15937
31,12962,2023-11-19,42,25.0,345,1.68,4,4,5,Champion / Loyal,job_e06ac3b9:31:12962
58,14163,2023-12-01,30,18.0,176,1.67,4,4,3,Average Purchaser,job_e06ac3b9:58:14163
61,21858,2023-09-30,92,55.0,253,1.67,5,1,3,New / Promising,job_e06ac3b9:61:21858
16,24561,2023-11-06,55,33.0,184,1.67,2,2,3,Average Purchaser,job_e06ac3b9:16:24561
61,32819,2023-09-30,92,55.0,440,1.67,5,1,3,New / Promising,job_e06ac3b9:61:32819
61,34475,2023-09-30,92,55.0,425,1.67,5,1,3,New / Promising,job_e06ac3b9:61:34475
61,1592,2023-09-30,92,55.0,161,1.67,5,1,3,New / Promising,job_e06ac3b9:61:1592
61,1082,2023-09-30,92,55.0,393,1.67,5,1,3,New / Promising,job_e06ac3b9:61:1082
16,21616,2023-11-06,55,33.0,362,1.67,2,2,3,Average Purchaser,job_e06ac3b9:16:21616
32,48079,2023-11-11,50,30.0,364,1.67,4,2,4,New / Promising,job_e06ac3b9:32:48079
2,27413,2023-11-26,35,21.0,415,1.67,5,4,4,Champion / Loyal,job_e06ac3b9:2:27413
61,24123,2023-09-30,92,55.0,411,1.67,5,1,3,New / Promising,job_e06ac3b9:61:24123
53,35053,2023-11-14,47,28.5,191,1.65,4,1,2,New / Promising,job_e06ac3b9:53:35053
19,47193,2023-09-29,93,56.5,444,1.65,5,3,4,Average Purchaser,job_e06ac3b9:19:47193
12,45056,2023-10-01,91,55.0,56,1.65,3,2,3,Need Attention,job_e06ac3b9:12:45056
31,8736,2023-11-15,46,28.0,86,1.64,4,4,5,Champion / Loyal,job_e06ac3b9:31:8736
31,4595,2023-11-15,46,28.0,113,1.64,4,4,5,Champion / Loyal,job_e06ac3b9:31:4595
50,41950,2023-12-09,22,13.5,369,1.63,5,5,5,Champion / Loyal,job_e06ac3b9:50:41950
50,10831,2023-12-09,22,13.5,318,1.63,5,5,5,Champion / Loyal,job_e06ac3b9:50:10831
11,34658,2023-11-08,53,32.5,351,1.63,4,2,3,New / Promising,job_e06ac3b9:11:34658
6,45007,2023-11-27,34,21.0,150,1.62,5,1,1,New / Promising,job_e06ac3b9:6:45007
63,22935,2023-11-09,52,32.0,116,1.62,3,5,5,Need Attention,job_e06ac3b9:63:22935
31,16419,2023-11-19,42,26.0,216,1.62,4,4,5,Champion / Loyal,job_e06ac3b9:31:16419
5,21413,2023-11-08,53,33.0,116,1.61,2,1,2,Low-Value / Lost,job_e06ac3b9:5:21413
40,21567,2023-11-16,45,28.0,221,1.61,2,3,3,Average Purchaser,job_e06ac3b9:40:21567
26,30592,2023-12-07,24,15.0,431,1.6,5,3,2,Average Purchaser,job_e06ac3b9:26:30592
26,23377,2023-12-07,24,15.0,130,1.6,5,3,2,Average Purchaser,job_e06ac3b9:26:23377
58,41984,2023-10-25,67,42.0,359,1.6,4,4,3,Average Purchaser,job_e06ac3b9:58:41984
37,33232,2023-11-29,32,20.0,232,1.6,4,4,4,Champion / Loyal,job_e06ac3b9:37:33232
11,17706,2023-12-08,23,14.5,130,1.59,4,2,3,New / Promising,job_e06ac3b9:11:17706
53,32864,2023-11-30,31,19.5,108,1.59,4,1,2,New / Promising,job_e06ac3b9:53:32864
53,32465,2023-11-30,31,19.5,339,1.59,4,1,2,New / Promising,job_e06ac3b9:53:32465
50,26800,2023-11-30,31,19.5,276,1.59,5,5,5,Champion / Loyal,job_e06ac3b9:50:26800
33,42441,2023-08-24,129,81.0,350,1.59,1,1,2,Low-Value / Lost,job_e06ac3b9:33:42441
16,46709,2023-09-11,111,70.0,235,1.59,2,2,3,Average Purchaser,job_e06ac3b9:16:46709
39,5373,2023-11-12,49,31.0,494,1.58,5,2,4,New / Promising,job_e06ac3b9:39:5373
40,2238,2023-10-05,87,55.0,153,1.58,2,3,3,Average Purchaser,job_e06ac3b9:40:2238
38,12442,2023-10-01,91,57.5,222,1.58,4,3,4,Average Purchaser,job_e06ac3b9:38:12442
10,16797,2023-12-01,30,19.0,432,1.58,5,2,4,New / Promising,job_e06ac3b9:10:16797
47,15120,2023-11-28,33,21.0,245,1.57,5,2,1,New / Promising,job_e06ac3b9:47:15120
47,32020,2023-11-16,45,29.0,102,1.55,5,2,1,New / Promising,job_e06ac3b9:47:32020
54,21616,2023-11-10,51,33.0,362,1.55,4,5,5,Champion / Loyal,job_e06ac3b9:54:21616
46,27796,2023-10-24,68,44.0,102,1.55,1,4,4,High-Value At-Risk,job_e06ac3b9:46:27796
10,20632,2023-12-01,30,19.5,84,1.54,5,2,4,New / Promising,job_e06ac3b9:10:20632
29,20305,2023-11-21,40,26.0,250,1.54,3,4,4,Need Attention,job_e06ac3b9:29:20305
28,49683,2023-11-21,40,26.0,193,1.54,3,5,4,Need Attention,job_e06ac3b9:28:49683
19,39130,2023-10-05,87,56.5,156,1.54,5,3,4,Average Purchaser,job_e06ac3b9:19:39130
8,15143,2023-12-08,23,15.0,460,1.53,4,1,2,New / Promising,job_e06ac3b9:8:15143
9,1559,2023-11-05,56,36.5,82,1.53,3,1,3,Need Attention,job_e06ac3b9:9:1559
64,15395,2023-11-06,55,36.0,231,1.53,5,3,4,Average Purchaser,job_e06ac3b9:64:15395
19,21011,2023-11-29,32,21.0,382,1.52,5,3,4,Average Purchaser,job_e06ac3b9:19:21011
27,1323,2023-11-29,32,21.0,415,1.52,3,5,5,Need Attention,job_e06ac3b9:27:1323
37,43713,2023-11-23,38,25.0,174,1.52,4,4,4,Champion / Loyal,job_e06ac3b9:37:43713
19,46023,2023-11-29,32,21.0,182,1.52,5,3,4,Average Purchaser,job_e06ac3b9:19:46023
28,39831,2023-10-25,67,44.0,115,1.52,3,5,4,Need Attention,job_e06ac3b9:28:39831
19,20156,2023-11-29,32,21.0,412,1.52,5,3,4,Average Purchaser,job_e06ac3b9:19:20156
58,32734,2023-10-25,67,44.0,354,1.52,4,4,3,Average Purchaser,job_e06ac3b9:58:32734
19,9901,2023-11-29,32,21.0,290,1.52,5,3,4,Average Purchaser,job_e06ac3b9:19:9901
19,2192,2023-11-29,32,21.0,298,1.52,5,3,4,Average Purchaser,job_e06ac3b9:19:2192
27,14917,2023-11-29,32,21.0,431,1.52,3,5,5,Need Attention,job_e06ac3b9:27:14917
27,32263,2023-11-29,32,21.0,137,1.52,3,5,5,Need Attention,job_e06ac3b9:27:32263
27,24954,2023-11-29,32,21.0,446,1.52,3,5,5,Need Attention,job_e06ac3b9:27:24954
7,22000,2023-10-25,67,44.0,449,1.52,1,4,4,High-Value At-Risk,job_e06ac3b9:7:22000
19,37066,2023-11-29,32,21.0,290,1.52,5,3,4,Average Purchaser,job_e06ac3b9:19:37066
27,47087,2023-11-29,32,21.0,188,1.52,3,5,5,Need Attention,job_e06ac3b9:27:47087
54,13780,2023-11-24,37,24.5,463,1.51,4,5,5,Champion / Loyal,job_e06ac3b9:54:13780
54,13984,2023-11-24,37,24.5,144,1.51,4,5,5,Champion / Loyal,job_e06ac3b9:54:13984
8,42736,2023-11-08,53,35.0,61,1.51,4,1,2,New / Promising,job_e06ac3b9:8:42736
31,36144,2023-11-19,42,28.0,437,1.5,4,4,5,Champion / Loyal,job_e06ac3b9:31:36144
29,31608,2023-11-07,54,36.0,101,1.5,3,4,4,Need Attention,job_e06ac3b9:29:31608
31,46941,2023-11-19,42,28.0,412,1.5,4,4,5,Champion / Loyal,job_e06ac3b9:31:46941
31,3990,2023-11-19,42,28.0,428,1.5,4,4,5,Champion / Loyal,job_e06ac3b9:31:3990
31,10612,2023-09-17,105,70.0,57,1.5,4,4,5,Champion / Loyal,job_e06ac3b9:31:10612
31,31670,2023-09-17,105,70.0,406,1.5,4,4,5,Champion / Loyal,job_e06ac3b9:31:31670
13,41926,2023-12-19,12,8.0,93,1.5,5,3,3,Average Purchaser,job_e06ac3b9:13:41926
31,1263,2023-11-19,42,28.0,113,1.5,4,4,5,Champion / Loyal,job_e06ac3b9:31:1263
64,20583,2023-11-22,39,26.0,278,1.5,5,3,4,Average Purchaser,job_e06ac3b9:64:20583
19,19468,2023-10-26,66,44.0,210,1.5,5,3,4,Average Purchaser,job_e06ac3b9:19:19468
31,39270,2023-11-07,54,36.0,395,1.5,4,4,5,Champion / Loyal,job_e06ac3b9:31:39270
1,39657,2023-11-07,54,36.0,364,1.5,2,3,2,Average Purchaser,job_e06ac3b9:1:39657
34,15604,2023-11-30,31,21.0,229,1.48,5,2,1,New / Promising,job_e06ac3b9:34:15604
34,7054,2023-11-30,31,21.0,123,1.48,5,2,1,New / Promising,job_e06ac3b9:34:7054
34,2099,2023-11-30,31,21.0,393,1.48,5,2,1,New / Promising,job_e06ac3b9:34:2099
34,3957,2023-11-30,31,21.0,188,1.48,5,2,1,New / Promising,job_e06ac3b9:34:3957
34,27845,2023-10-30,62,42.0,146,1.48,5,2,1,New / Promising,job_e06ac3b9:34:27845
61,16959,2023-11-13,48,32.5,284,1.48,5,1,3,New / Promising,job_e06ac3b9:61:16959
26,17859,2023-12-14,17,11.5,376,1.48,5,3,2,Average Purchaser,job_e06ac3b9:26:17859
34,49267,2023-11-30,31,21.0,393,1.48,5,2,1,New / Promising,job_e06ac3b9:34:49267
34,26751,2023-10-09,83,56.5,277,1.47,5,2,1,New / Promising,job_e06ac3b9:34:26751
52,17231,2023-12-03,28,19.0,251,1.47,3,5,4,Need Attention,job_e06ac3b9:52:17231
63,7559,2023-11-22,39,26.5,429,1.47,3,5,5,Need Attention,job_e06ac3b9:63:7559
54,43789,2023-11-25,36,24.5,460,1.47,4,5,5,Champion / Loyal,job_e06ac3b9:54:43789
37,24125,2023-11-23,38,26.0,356,1.46,4,4,4,Champion / Loyal,job_e06ac3b9:37:24125
54,38015,2023-10-08,84,57.5,330,1.46,4,5,5,Champion / Loyal,job_e06ac3b9:54:38015
39,48679,2023-12-12,19,13.0,338,1.46,5,2,4,New / Promising,job_e06ac3b9:39:48679
31,30287,2023-11-19,42,29.0,184,1.45,4,4,5,Champion / Loyal,job_e06ac3b9:31:30287
50,42701,2023-12-15,16,11.0,269,1.45,5,5,5,Champion / Loyal,job_e06ac3b9:50:42701
39,37642,2023-10-28,64,44.0,106,1.45,5,2,4,New / Promising,job_e06ac3b9:39:37642
27,27966,2023-11-29,32,22.0,221,1.45,3,5,5,Need Attention,job_e06ac3b9:27:27966
27,14766,2023-11-29,32,22.0,249,1.45,3,5,5,Need Attention,job_e06ac3b9:27:14766
64,8012,2023-11-13,48,33.0,71,1.45,5,3,4,Average Purchaser,job_e06ac3b9:64:8012
19,39993,2023-11-29,32,22.0,398,1.45,5,3,4,Average Purchaser,job_e06ac3b9:19:39993
50,28476,2023-12-15,16,11.0,108,1.45,5,5,5,Champion / Loyal,job_e06ac3b9:50:28476
19,43772,2023-11-29,32,22.0,88,1.45,5,3,4,Average Purchaser,job_e06ac3b9:19:43772
32,7781,2023-10-11,81,56.0,299,1.45,4,2,4,New / Promising,job_e06ac3b9:32:7781
64,2091,2023-11-22,39,27.0,92,1.44,5,3,4,Average Purchaser,job_e06ac3b9:64:2091
64,401,2023-10-13,79,55.0,225,1.44,5,3,4,Average Purchaser,job_e06ac3b9:64:401
63,42110,2023-11-09,52,36.0,194,1.44,3,5,5,Need Attention,job_e06ac3b9:63:42110
52,42265,2023-12-03,28,19.5,161,1.44,3,5,4,Need Attention,job_e06ac3b9:52:42265
41,34496,2023-10-11,81,56.5,122,1.43,1,2,3,Average Purchaser,job_e06ac3b9:41:34496
25,22008,2023-11-21,40,28.0,200,1.43,5,1,1,New / Promising,job_e06ac3b9:25:22008
25,37119,2023-11-21,40,28.0,405,1.43,5,1,1,New / Promising,job_e06ac3b9:25:37119
10,36865,2023-12-01,30,21.0,109,1.43,5,2,4,New / Promising,job_e06ac3b9:10:36865
50,36696,2023-10-16,76,53.0,352,1.43,5,5,5,Champion / Loyal,job_e06ac3b9:50:36696
10,9871,2023-12-01,30,21.0,263,1.43,5,2,4,New / Promising,job_e06ac3b9:10:9871
19,20607,2023-10-26,66,46.0,63,1.43,5,3,4,Average Purchaser,job_e06ac3b9:19:20607
28,43371,2023-11-21,40,28.0,452,1.43,3,5,4,Need Attention,job_e06ac3b9:28:43371
54,2450,2023-11-14,47,33.0,311,1.42,4,5,5,Champion / Loyal,job_e06ac3b9:54:2450
19,44870,2023-11-29,32,22.5,308,1.42,5,3,4,Average Purchaser,job_e06ac3b9:19:44870
54,20330,2023-11-14,47,33.0,108,1.42,4,5,5,Champion / Loyal,job_e06ac3b9:54:20330
53,12583,2023-11-30,31,22.0,445,1.41,4,1,2,New / Promising,job_e06ac3b9:53:12583
61,9366,2023-10-30,62,44.0,253,1.41,5,1,3,New / Promising,job_e06ac3b9:61:9366
50,16249,2023-11-30,31,22.0,499,1.41,5,5,5,Champion / Loyal,job_e06ac3b9:50:16249
29,49507,2023-10-27,65,46.0,316,1.41,3,4,4,Need Attention,job_e06ac3b9:29:49507
53,9000,2023-11-30,31,22.0,190,1.41,4,1,2,New / Promising,job_e06ac3b9:53:9000
53,12614,2023-11-30,31,22.0,416,1.41,4,1,2,New / Promising,job_e06ac3b9:53:12614
2,21709,2023-11-26,35,25.0,271,1.4,5,4,4,Champion / Loyal,job_e06ac3b9:2:21709
52,35561,2023-12-03,28,20.0,202,1.4,3,5,4,Need Attention,job_e06ac3b9:52:35561
63,16185,2023-11-22,39,28.0,356,1.39,3,5,5,Need Attention,job_e06ac3b9:63:16185
27,35221,2023-11-08,53,38.0,495,1.39,3,5,5,Need Attention,job_e06ac3b9:27:35221
63,16617,2023-11-22,39,28.0,361,1.39,3,5,5,Need Attention,job_e06ac3b9:63:16617
46,4605,2023-10-03,89,64.0,267,1.39,1,4,4,High-Value At-Risk,job_e06ac3b9:46:4605
51,36929,2023-12-09,22,16.0,205,1.38,5,1,1,New / Promising,job_e06ac3b9:51:36929
39,19478,2023-10-14,78,56.5,383,1.38,5,2,4,New / Promising,job_e06ac3b9:39:19478
28,47626,2023-11-21,40,29.0,58,1.38,3,5,4,Need Attention,job_e06ac3b9:28:47626
13,18168,2023-12-05,26,19.0,441,1.37,5,3,3,Average Purchaser,job_e06ac3b9:13:18168
10,47042,2023-12-01,30,22.0,306,1.36,5,2,4,New / Promising,job_e06ac3b9:10:47042
39,25890,2023-12-12,19,14.0,288,1.36,5,2,4,New / Promising,job_e06ac3b9:39:25890
37,40604,2023-11-23,38,28.0,188,1.36,4,4,4,Champion / Loyal,job_e06ac3b9:37:40604
19,10823,2023-11-23,38,28.0,229,1.36,5,3,4,Average Purchaser,job_e06ac3b9:19:10823
27,29103,2023-11-23,38,28.0,334,1.36,3,5,5,Need Attention,job_e06ac3b9:27:29103
27,44051,2023-11-23,38,28.0,234,1.36,3,5,5,Need Attention,job_e06ac3b9:27:44051
27,6799,2023-11-23,38,28.0,390,1.36,3,5,5,Need Attention,job_e06ac3b9:27:6799
27,30776,2023-11-12,49,36.0,161,1.36,3,5,5,Need Attention,job_e06ac3b9:27:30776
27,8580,2023-11-23,38,28.0,480,1.36,3,5,5,Need Attention,job_e06ac3b9:27:8580
27,31231,2023-11-23,38,28.0,62,1.36,3,5,5,Need Attention,job_e06ac3b9:27:31231
27,11123,2023-11-23,38,28.0,243,1.36,3,5,5,Need Attention,job_e06ac3b9:27:11123
37,16185,2023-11-23,38,28.0,356,1.36,4,4,4,Champion / Loyal,job_e06ac3b9:37:16185
47,44098,2023-12-12,19,14.0,302,1.36,5,2,1,New / Promising,job_e06ac3b9:47:44098
27,33782,2023-11-23,38,28.0,205,1.36,3,5,5,Need Attention,job_e06ac3b9:27:33782
33,2516,2023-10-20,72,53.0,307,1.36,1,1,2,Low-Value / Lost,job_e06ac3b9:33:2516
10,24184,2023-12-01,30,22.0,138,1.36,5,2,4,New / Promising,job_e06ac3b9:10:24184
18,23719,2023-11-23,38,28.0,86,1.36,5,2,2,New / Promising,job_e06ac3b9:18:23719
32,39911,2023-11-11,50,37.0,280,1.35,4,2,4,New / Promising,job_e06ac3b9:32:39911
32,45364,2023-11-11,50,37.0,493,1.35,4,2,4,New / Promising,job_e06ac3b9:32:45364
34,19514,2023-10-30,62,46.0,112,1.35,5,2,1,New / Promising,job_e06ac3b9:34:19514
11,33021,2023-12-08,23,17.0,159,1.35,4,2,3,New / Promising,job_e06ac3b9:11:33021
46,22922,2023-10-24,68,50.5,133,1.35,1,4,4,High-Value At-Risk,job_e06ac3b9:46:22922
44,3473,2023-10-15,77,57.5,207,1.34,2,1,2,Low-Value / Lost,job_e06ac3b9:44:3473
59,17162,2023-10-19,73,55.0,160,1.33,1,3,3,Average Purchaser,job_e06ac3b9:59:17162
50,8518,2023-09-08,114,86.0,176,1.33,5,5,5,Champion / Loyal,job_e06ac3b9:50:8518
10,9339,2023-12-01,30,22.5,279,1.33,5,2,4,New / Promising,job_e06ac3b9:10:9339
13,27086,2023-12-19,12,9.0,288,1.33,5,3,3,Average Purchaser,job_e06ac3b9:13:27086
42,46847,2023-09-29,93,70.0,116,1.33,5,4,4,Champion / Loyal,job_e06ac3b9:42:46847
19,11229,2023-11-29,32,24.0,361,1.33,5,3,4,Average Purchaser,job_e06ac3b9:19:11229
10,17828,2023-12-01,30,22.5,392,1.33,5,2,4,New / Promising,job_e06ac3b9:10:17828
50,5876,2023-11-09,52,39.5,223,1.32,5,5,5,Champion / Loyal,job_e06ac3b9:50:5876
54,35769,2023-11-24,37,28.0,187,1.32,4,5,5,Champion / Loyal,job_e06ac3b9:54:35769
27,26604,2023-11-29,32,24.5,388,1.31,3,5,5,Need Attention,job_e06ac3b9:27:26604
19,30123,2023-11-23,38,29.0,337,1.31,5,3,4,Average Purchaser,job_e06ac3b9:19:30123
9,8952,2023-09-30,92,70.0,404,1.31,3,1,3,Need Attention,job_e06ac3b9:9:8952
33,2514,2023-10-20,72,55.0,348,1.31,1,1,2,Low-Value / Lost,job_e06ac3b9:33:2514
26,24316,2023-11-22,39,30.0,368,1.3,5,3,2,Average Purchaser,job_e06ac3b9:26:24316
10,13829,2023-12-01,30,23.0,170,1.3,5,2,4,New / Promising,job_e06ac3b9:10:13829
10,25931,2023-12-01,30,23.0,236,1.3,5,2,4,New / Promising,job_e06ac3b9:10:25931
10,28535,2023-12-01,30,23.0,223,1.3,5,2,4,New / Promising,job_e06ac3b9:10:28535
10,40706,2023-12-01,30,23.0,473,1.3,5,2,4,New / Promising,job_e06ac3b9:10:40706
61,9584,2023-12-13,18,14.0,474,1.29,5,1,3,New / Promising,job_e06ac3b9:61:9584
14,27862,2023-11-02,59,46.0,377,1.28,2,4,4,High-Value At-Risk,job_e06ac3b9:14:27862
50,36070,2023-12-06,25,19.5,211,1.28,5,5,5,Champion / Loyal,job_e06ac3b9:50:36070
37,37220,2023-11-29,32,25.0,391,1.28,4,4,4,Champion / Loyal,job_e06ac3b9:37:37220
25,21828,2023-10-22,70,55.0,337,1.27,5,1,1,New / Promising,job_e06ac3b9:25:21828
37,38650,2023-11-23,38,30.0,198,1.27,4,4,4,Champion / Loyal,job_e06ac3b9:37:38650
37,13922,2023-11-23,38,30.0,257,1.27,4,4,4,Champion / Loyal,job_e06ac3b9:37:13922
64,5473,2023-10-22,70,55.0,305,1.27,5,3,4,Average Purchaser,job_e06ac3b9:64:5473
39,30391,2023-12-12,19,15.0,192,1.27,5,2,4,New / Promising,job_e06ac3b9:39:30391
31,23032,2023-11-19,42,33.0,298,1.27,4,4,5,Champion / Loyal,job_e06ac3b9:31:23032
33,7039,2023-09-20,102,81.0,474,1.26,1,1,2,Low-Value / Lost,job_e06ac3b9:33:7039
26,18531,2023-12-14,17,13.5,368,1.26,5,3,2,Average Purchaser,job_e06ac3b9:26:18531
45,23451,2023-10-23,69,55.0,186,1.25,3,1,1,Average Purchaser,job_e06ac3b9:45:23451
45,47660,2023-10-23,69,55.0,341,1.25,3,1,1,Average Purchaser,job_e06ac3b9:45:47660
19,40322,2023-10-26,66,53.0,253,1.25,5,3,4,Average Purchaser,job_e06ac3b9:19:40322
2,18523,2023-11-26,35,28.0,485,1.25,5,4,4,Champion / Loyal,job_e06ac3b9:2:18523
54,35221,2023-11-14,47,38.0,495,1.24,4,5,5,Champion / Loyal,job_e06ac3b9:54:35221
51,33000,2023-11-09,52,42.0,411,1.24,5,1,1,New / Promising,job_e06ac3b9:51:33000
50,31720,2023-12-15,16,13.0,384,1.23,5,5,5,Champion / Loyal,job_e06ac3b9:50:31720
37,26209,2023-11-29,32,26.0,314,1.23,4,4,4,Champion / Loyal,job_e06ac3b9:37:26209
54,49585,2023-10-30,62,50.5,236,1.23,4,5,5,Champion / Loyal,job_e06ac3b9:54:49585
29,41210,2023-10-27,65,53.0,348,1.23,3,4,4,Need Attention,job_e06ac3b9:29:41210
50,13176,2023-12-15,16,13.0,303,1.23,5,5,5,Champion / Loyal,job_e06ac3b9:50:13176
27,16290,2023-11-29,32,26.0,250,1.23,3,5,5,Need Attention,job_e06ac3b9:27:16290
10,20920,2023-12-01,30,24.5,265,1.22,5,2,4,New / Promising,job_e06ac3b9:10:20920
47,34262,2023-11-28,33,27.0,275,1.22,5,2,1,New / Promising,job_e06ac3b9:47:34262
50,20367,2023-12-09,22,18.0,100,1.22,5,5,5,Champion / Loyal,job_e06ac3b9:50:20367
10,22035,2023-12-01,30,24.5,130,1.22,5,2,4,New / Promising,job_e06ac3b9:10:22035
10,1529,2023-12-01,30,24.5,423,1.22,5,2,4,New / Promising,job_e06ac3b9:10:1529
10,42647,2023-12-01,30,24.5,247,1.22,5,2,4,New / Promising,job_e06ac3b9:10:42647
10,42625,2023-12-01,30,24.5,117,1.22,5,2,4,New / Promising,job_e06ac3b9:10:42625
25,45819,2023-11-21,40,33.0,73,1.21,5,1,1,New / Promising,job_e06ac3b9:25:45819
12,31506,2023-10-31,61,50.5,415,1.21,3,2,3,Need Attention,job_e06ac3b9:12:31506
18,36861,2023-11-29,32,26.5,290,1.21,5,2,2,New / Promising,job_e06ac3b9:18:36861
22,27845,2023-11-10,51,42.0,146,1.21,1,4,3,High-Value At-Risk,job_e06ac3b9:22:27845
19,34690,2023-12-14,17,14.0,251,1.21,5,3,4,Average Purchaser,job_e06ac3b9:19:34690
6,11068,2023-11-27,34,28.0,100,1.21,5,1,1,New / Promising,job_e06ac3b9:6:11068
